NORAD CAT ID,Satellite name,COSPAR ID,Launch date,Decay date,Apogee (km),Perigee (km),Age (years),Disposal status
44736,STARLINK-1031,2019-074Z,2019-11-11,,305.0,299.0,6.321697467488022,Decaying
44758,STARLINK-1053,2019-074AX,2019-11-11,,303.0,294.0,6.321697467488022,Decaying
44925,STARLINK-1112,2020-001M,2020-01-07,,239.0,230.0,6.165639972621492,Decaying
45413,STARLINK-1298,2020-019BF,2020-03-18,,290.0,282.0,5.971252566735113,Decaying
45699,STARLINK-1398,2020-035AU,2020-06-04,,292.0,286.0,5.757700205338809,Decaying
45756,STARLINK-1484,2020-038AC,2020-06-13,,272.0,264.0,5.73305954825462,Decaying
46157,STARLINK-1587,2020-057AS,2020-08-18,,290.0,283.0,5.552361396303901,Decaying
46336,STARLINK-1738,2020-062M,2020-09-03,,253.0,247.0,5.508555783709788,Decaying
46338,STARLINK-1752,2020-062P,2020-09-03,,301.0,297.0,5.508555783709788,Decaying
46362,STARLINK-1726,2020-062AP,2020-09-03,,293.0,285.0,5.508555783709788,Decaying
46533,STARLINK-1648,2020-070B,2020-10-06,,307.0,298.0,5.418206707734429,Decaying
46581,STARLINK-1712,2020-070BB,2020-10-06,,273.0,266.0,5.418206707734429,Decaying
46712,STARLINK-1814,2020-073AU,2020-10-18,,297.0,285.0,5.385352498288843,Decaying
47556,STARLINK-1955,2021-009J,2021-02-04,,284.0,279.0,5.086926762491444,Decaying
47643,STARLINK-2022,2021-012Z,2021-02-16,,294.0,289.0,5.054072553045859,Decaying
44235,STARLINK-31,2019-029A,2019-05-24,2020-10-01,154.0,142.0,6.789869952087611,Deorbited
44236,STARLINK-22,2019-029B,2019-05-24,2020-08-09,163.0,158.0,6.789869952087611,Deorbited
44237,STARLINK-23,2019-029C,2019-05-24,2020-09-02,167.0,161.0,6.789869952087611,Deorbited
44238,STARLINK-24,2019-029D,2019-05-24,2022-10-24,182.0,173.0,6.789869952087611,Deorbited
44239,STARLINK-25,2019-029E,2019-05-24,2020-09-01,160.0,156.0,6.789869952087611,Deorbited
44240,STARLINK-26,2019-029F,2019-05-24,2021-04-10,165.0,158.0,6.789869952087611,Deorbited
44241,STARLINK-27,2019-029G,2019-05-24,2020-09-26,157.0,151.0,6.789869952087611,Deorbited
44242,STARLINK-28,2019-029H,2019-05-24,2020-08-21,137.0,130.0,6.789869952087611,Deorbited
44243,STARLINK-29,2019-029J,2019-05-24,2020-10-13,142.0,131.0,6.789869952087611,Deorbited
44244,STARLINK-30,2019-029K,2019-05-24,2020-10-13,160.0,155.0,6.789869952087611,Deorbited
44245,STARLINK-21,2019-029L,2019-05-24,2020-09-22,161.0,151.0,6.789869952087611,Deorbited
44246,STARLINK-46,2019-029M,2019-05-24,2020-02-20,183.0,148.0,6.789869952087611,Deorbited
44247,STARLINK-33,2019-029N,2019-05-24,2020-08-29,140.0,129.0,6.789869952087611,Deorbited
44248,STARLINK-34,2019-029P,2019-05-24,2020-09-03,150.0,145.0,6.789869952087611,Deorbited
44249,STARLINK-61,2019-029Q,2019-05-24,2022-07-29,183.0,178.0,6.789869952087611,Deorbited
44250,STARLINK-36,2019-029R,2019-05-24,2020-09-15,209.0,197.0,6.789869952087611,Deorbited
44251,STARLINK-37,2019-029S,2019-05-24,2020-09-16,181.0,168.0,6.789869952087611,Deorbited
44252,STARLINK-71,2019-029T,2019-05-24,2022-10-23,189.0,181.0,6.789869952087611,Deorbited
44253,STARLINK-39,2019-029U,2019-05-24,2020-09-18,187.0,173.0,6.789869952087611,Deorbited
44254,STARLINK-32,2019-029V,2019-05-24,2020-09-12,149.0,139.0,6.789869952087611,Deorbited
44255,STARLINK-66,2019-029W,2019-05-24,2020-08-21,139.0,132.0,6.789869952087611,Deorbited
44256,STARLINK-42,2019-029X,2019-05-24,2020-09-16,173.0,135.0,6.789869952087611,Deorbited
44257,STARLINK-43,2019-029Y,2019-05-24,2022-01-27,167.0,100.0,6.789869952087611,Deorbited
44258,STARLINK-40,2019-029Z,2019-05-24,2020-09-05,141.0,108.0,6.789869952087611,Deorbited
44259,STARLINK-52,2019-029AA,2019-05-24,2020-10-13,184.0,175.0,6.789869952087611,Deorbited
44260,STARLINK-45,2019-029AB,2019-05-24,2020-09-04,176.0,163.0,6.789869952087611,Deorbited
44261,STARLINK-44,2019-029AC,2019-05-24,2020-09-05,183.0,175.0,6.789869952087611,Deorbited
44262,STARLINK-49,2019-029AD,2019-05-24,2020-09-29,215.0,204.0,6.789869952087611,Deorbited
44263,STARLINK-72,2019-029AE,2019-05-24,2020-10-16,144.0,139.0,6.789869952087611,Deorbited
44264,STARLINK-35,2019-029AF,2019-05-24,2020-09-16,166.0,160.0,6.789869952087611,Deorbited
44265,STARLINK-63,2019-029AG,2019-05-24,2020-10-13,165.0,164.0,6.789869952087611,Deorbited
44266,STARLINK-54,2019-029AH,2019-05-24,2020-09-15,146.0,120.0,6.789869952087611,Deorbited
44267,STARLINK-69,2019-029AJ,2019-05-24,2020-09-16,192.0,184.0,6.789869952087611,Deorbited
44268,STARLINK-55,2019-029AK,2019-05-24,2021-03-09,128.0,122.0,6.789869952087611,Deorbited
44269,STARLINK-57,2019-029AL,2019-05-24,2020-09-18,169.0,159.0,6.789869952087611,Deorbited
44270,STARLINK-58,2019-029AM,2019-05-24,2020-08-23,147.0,133.0,6.789869952087611,Deorbited
44271,STARLINK-59,2019-029AN,2019-05-24,2020-10-15,193.0,188.0,6.789869952087611,Deorbited
44272,STARLINK-51,2019-029AP,2019-05-24,2020-09-02,172.0,167.0,6.789869952087611,Deorbited
44273,STARLINK-60,2019-029AQ,2019-05-24,2020-12-26,163.0,156.0,6.789869952087611,Deorbited
44274,STARLINK-62,2019-029AR,2019-05-24,2020-08-28,144.0,132.0,6.789869952087611,Deorbited
44275,STARLINK-64,2019-029AS,2019-05-24,2021-05-21,179.0,171.0,6.789869952087611,Deorbited
44276,STARLINK-65,2019-029AT,2019-05-24,2020-10-21,188.0,179.0,6.789869952087611,Deorbited
44277,STARLINK-41,2019-029AU,2019-05-24,2020-08-09,182.0,162.0,6.789869952087611,Deorbited
44278,STARLINK-67,2019-029AV,2019-05-24,2020-05-27,158.0,151.0,6.789869952087611,Deorbited
44279,STARLINK-68,2019-029AW,2019-05-24,2021-06-26,185.0,181.0,6.789869952087611,Deorbited
44280,STARLINK-38,2019-029AX,2019-05-24,2020-09-06,149.0,140.0,6.789869952087611,Deorbited
44281,STARLINK-70,2019-029AY,2019-05-24,2021-10-03,179.0,166.0,6.789869952087611,Deorbited
44282,STARLINK-80,2019-029AZ,2019-05-24,2022-05-04,207.0,193.0,6.789869952087611,Deorbited
44283,STARLINK-56,2019-029BA,2019-05-24,2020-09-10,197.0,183.0,6.789869952087611,Deorbited
44284,STARLINK-73,2019-029BB,2019-05-24,2020-09-28,178.0,170.0,6.789869952087611,Deorbited
44285,STARLINK-50,2019-029BC,2019-05-24,2020-09-17,181.0,169.0,6.789869952087611,Deorbited
44286,STARLINK-75,2019-029BD,2019-05-24,2021-03-28,171.0,162.0,6.789869952087611,Deorbited
44287,STARLINK-76,2019-029BE,2019-05-24,2021-09-26,159.0,154.0,6.789869952087611,Deorbited
44288,STARLINK-79,2019-029BF,2019-05-24,2020-10-03,186.0,171.0,6.789869952087611,Deorbited
44289,STARLINK-48,2019-029BG,2019-05-24,2021-04-18,176.0,165.0,6.789869952087611,Deorbited
44290,STARLINK-78,2019-029BH,2019-05-24,2020-09-16,195.0,182.0,6.789869952087611,Deorbited
44291,STARLINK-77,2019-029BJ,2019-05-24,2020-10-02,211.0,197.0,6.789869952087611,Deorbited
44292,STARLINK-81,2019-029BK,2019-05-24,2020-10-04,163.0,158.0,6.789869952087611,Deorbited
44293,STARLINK-74,2019-029BL,2019-05-24,2020-09-29,194.0,191.0,6.789869952087611,Deorbited
44294,STARLINK-53,2019-029BM,2019-05-24,2020-09-26,178.0,173.0,6.789869952087611,Deorbited
44713,STARLINK-1007,2019-074A,2019-11-11,2024-10-02,198.0,187.0,6.321697467488022,Deorbited
44715,STARLINK-1009,2019-074C,2019-11-11,2025-02-21,166.0,160.0,6.321697467488022,Deorbited
44716,STARLINK-1010,2019-074D,2019-11-11,2025-11-15,155.0,153.0,6.321697467488022,Deorbited
44717,STARLINK-1011,2019-074E,2019-11-11,2025-12-06,157.0,148.0,6.321697467488022,Deorbited
44719,STARLINK-1013,2019-074G,2019-11-11,2025-09-01,148.0,138.0,6.321697467488022,Deorbited
44720,STARLINK-1014,2019-074H,2019-11-11,2025-07-15,159.0,147.0,6.321697467488022,Deorbited
44721,STARLINK-1015,2019-074J,2019-11-11,2025-10-04,166.0,161.0,6.321697467488022,Deorbited
44722,STARLINK-1016,2019-074K,2019-11-11,2023-02-09,192.0,182.0,6.321697467488022,Deorbited
44726,STARLINK-1021,2019-074P,2019-11-11,2025-10-11,158.0,153.0,6.321697467488022,Deorbited
44727,STARLINK-1022,2019-074Q,2019-11-11,2023-07-29,155.0,124.0,6.321697467488022,Deorbited
44728,STARLINK-1023,2019-074R,2019-11-11,2021-12-20,204.0,188.0,6.321697467488022,Deorbited
44729,STARLINK-1024,2019-074S,2019-11-11,2024-03-28,164.0,151.0,6.321697467488022,Deorbited
44730,STARLINK-1025,2019-074T,2019-11-11,2021-08-17,192.0,168.0,6.321697467488022,Deorbited
44731,STARLINK-1026,2019-074U,2019-11-11,2023-09-22,176.0,170.0,6.321697467488022,Deorbited
44732,STARLINK-1027,2019-074V,2019-11-11,2025-04-27,150.0,145.0,6.321697467488022,Deorbited
44733,STARLINK-1028,2019-074W,2019-11-11,2025-02-14,159.0,152.0,6.321697467488022,Deorbited
44734,STARLINK-1029,2019-074X,2019-11-11,2025-10-18,157.0,151.0,6.321697467488022,Deorbited
44735,STARLINK-1030,2019-074Y,2019-11-11,2025-09-19,152.0,143.0,6.321697467488022,Deorbited
44737,STARLINK-1032,2019-074AA,2019-11-11,2025-03-26,174.0,168.0,6.321697467488022,Deorbited
44738,STARLINK-1033,2019-074AB,2019-11-11,2023-10-08,187.0,177.0,6.321697467488022,Deorbited
44739,STARLINK-1034,2019-074AC,2019-11-11,2023-09-11,185.0,160.0,6.321697467488022,Deorbited
44740,STARLINK-1035,2019-074AD,2019-11-11,2025-04-12,148.0,144.0,6.321697467488022,Deorbited
44742,STARLINK-1037,2019-074AF,2019-11-11,2023-05-13,166.0,141.0,6.321697467488022,Deorbited
44743,STARLINK-1038,2019-074AG,2019-11-11,2025-02-08,168.0,167.0,6.321697467488022,Deorbited
44745,STARLINK-1040,2019-074AJ,2019-11-11,2020-09-03,137.0,128.0,6.321697467488022,Deorbited
44746,STARLINK-1041,2019-074AK,2019-11-11,2024-09-07,252.0,240.0,6.321697467488022,Deorbited
44749,STARLINK-1044,2019-074AN,2019-11-11,2021-10-15,186.0,182.0,6.321697467488022,Deorbited
44750,STARLINK-1045,2019-074AP,2019-11-11,2021-04-23,174.0,167.0,6.321697467488022,Deorbited
44754,STARLINK-1049,2019-074AT,2019-11-11,2023-10-27,184.0,180.0,6.321697467488022,Deorbited
44755,STARLINK-1050,2019-074AU,2019-11-11,2022-03-27,155.0,150.0,6.321697467488022,Deorbited
44756,STARLINK-1051,2019-074AV,2019-11-11,2021-12-20,199.0,191.0,6.321697467488022,Deorbited
44757,STARLINK-1052,2019-074AW,2019-11-11,2025-03-17,189.0,186.0,6.321697467488022,Deorbited
44759,STARLINK-1054,2019-074AY,2019-11-11,2025-11-20,161.0,155.0,6.321697467488022,Deorbited
44760,STARLINK-1055,2019-074AZ,2019-11-11,2025-01-12,146.0,141.0,6.321697467488022,Deorbited
44761,STARLINK-1056,2019-074BA,2019-11-11,2025-11-08,157.0,151.0,6.321697467488022,Deorbited
44762,STARLINK-1057,2019-074BB,2019-11-11,2025-10-04,157.0,151.0,6.321697467488022,Deorbited
44763,STARLINK-1058,2019-074BC,2019-11-11,2025-04-04,157.0,148.0,6.321697467488022,Deorbited
44764,STARLINK-1059,2019-074BD,2019-11-11,2024-12-08,145.0,141.0,6.321697467488022,Deorbited
44765,STARLINK-1060,2019-074BE,2019-11-11,2026-02-14,171.0,165.0,6.321697467488022,Deorbited
44766,STARLINK-1061,2019-074BF,2019-11-11,2025-02-07,159.0,152.0,6.321697467488022,Deorbited
44767,STARLINK-1062,2019-074BG,2019-11-11,2025-03-29,152.0,142.0,6.321697467488022,Deorbited
44769,STARLINK-1064,2019-074BJ,2019-11-11,2022-02-11,183.0,179.0,6.321697467488022,Deorbited
44770,STARLINK-1065,2019-074BK,2019-11-11,2023-04-21,177.0,167.0,6.321697467488022,Deorbited
44914,STARLINK-1073,2020-001A,2020-01-07,2025-04-22,148.0,137.0,6.165639972621492,Deorbited
44915,STARLINK-1084,2020-001B,2020-01-07,2025-02-14,149.0,141.0,6.165639972621492,Deorbited
44916,STARLINK-1097,2020-001C,2020-01-07,2021-12-13,183.0,177.0,6.165639972621492,Deorbited
44917,STARLINK-1098,2020-001D,2020-01-07,2025-09-14,154.0,148.0,6.165639972621492,Deorbited
44918,STARLINK-1099,2020-001E,2020-01-07,2024-08-18,305.0,298.0,6.165639972621492,Deorbited
44919,STARLINK-1101,2020-001F,2020-01-07,2021-11-23,196.0,185.0,6.165639972621492,Deorbited
44920,STARLINK-1102,2020-001G,2020-01-07,2025-03-17,158.0,150.0,6.165639972621492,Deorbited
44921,STARLINK-1103,2020-001H,2020-01-07,2025-04-30,169.0,157.0,6.165639972621492,Deorbited
44922,STARLINK-1104,2020-001J,2020-01-07,2025-09-12,177.0,174.0,6.165639972621492,Deorbited
44923,STARLINK-1106,2020-001K,2020-01-07,2025-05-04,188.0,178.0,6.165639972621492,Deorbited
44924,STARLINK-1111,2020-001L,2020-01-07,2024-07-27,167.0,158.0,6.165639972621492,Deorbited
44926,STARLINK-1113,2020-001N,2020-01-07,2024-09-21,177.0,169.0,6.165639972621492,Deorbited
44928,STARLINK-1119,2020-001Q,2020-01-07,2024-05-15,198.0,188.0,6.165639972621492,Deorbited
44929,STARLINK-1121,2020-001R,2020-01-07,2023-03-09,206.0,199.0,6.165639972621492,Deorbited
44931,STARLINK-1128,2020-001T,2020-01-07,2024-08-09,302.0,288.0,6.165639972621492,Deorbited
44932,STARLINK-1130,2020-001U,2020-01-07,2025-07-20,148.0,142.0,6.165639972621492,Deorbited
44933,STARLINK-1144,2020-001V,2020-01-07,2026-02-14,164.0,156.0,6.165639972621492,Deorbited
44934,STARLINK-1071,2020-001W,2020-01-07,2025-09-16,211.0,202.0,6.165639972621492,Deorbited
44935,STARLINK-1072,2020-001X,2020-01-07,2021-11-23,180.0,171.0,6.165639972621492,Deorbited
44936,STARLINK-1078,2020-001Y,2020-01-07,2021-10-18,188.0,179.0,6.165639972621492,Deorbited
44937,STARLINK-1079,2020-001Z,2020-01-07,2025-08-11,155.0,141.0,6.165639972621492,Deorbited
44938,STARLINK-1082,2020-001AA,2020-01-07,2024-08-21,318.0,311.0,6.165639972621492,Deorbited
44939,STARLINK-1083,2020-001AB,2020-01-07,2024-08-27,192.0,188.0,6.165639972621492,Deorbited
44940,STARLINK-1091,2020-001AC,2020-01-07,2025-11-09,183.0,177.0,6.165639972621492,Deorbited
44942,STARLINK-1096,2020-001AE,2020-01-07,2025-11-28,152.0,146.0,6.165639972621492,Deorbited
44943,STARLINK-1100,2020-001AF,2020-01-07,2024-08-17,296.0,289.0,6.165639972621492,Deorbited
44944,STARLINK-1108,2020-001AG,2020-01-07,2024-10-16,200.0,186.0,6.165639972621492,Deorbited
44945,STARLINK-1109,2020-001AH,2020-01-07,2025-05-29,149.0,139.0,6.165639972621492,Deorbited
44946,STARLINK-1110,2020-001AJ,2020-01-07,2024-04-11,217.0,214.0,6.165639972621492,Deorbited
44947,STARLINK-1116,2020-001AK,2020-01-07,2023-06-09,155.0,143.0,6.165639972621492,Deorbited
44948,STARLINK-1118,2020-001AL,2020-01-07,2020-04-02,188.0,179.0,6.165639972621492,Deorbited
44950,STARLINK-1125,2020-001AN,2020-01-07,2023-07-09,149.0,138.0,6.165639972621492,Deorbited
44951,STARLINK-1126,2020-001AP,2020-01-07,2024-05-15,195.0,188.0,6.165639972621492,Deorbited
44952,STARLINK-1117,2020-001AQ,2020-01-07,2025-06-01,155.0,147.0,6.165639972621492,Deorbited
44953,STARLINK-1124,2020-001AR,2020-01-07,2023-12-30,184.0,177.0,6.165639972621492,Deorbited
44954,STARLINK-1066,2020-001AS,2020-01-07,2025-09-23,153.0,147.0,6.165639972621492,Deorbited
44955,STARLINK-1069,2020-001AT,2020-01-07,2023-12-15,204.0,201.0,6.165639972621492,Deorbited
44956,STARLINK-1070,2020-001AU,2020-01-07,2023-12-22,193.0,182.0,6.165639972621492,Deorbited
44957,STARLINK-1074,2020-001AV,2020-01-07,2023-09-29,203.0,200.0,6.165639972621492,Deorbited
44958,STARLINK-1075,2020-001AW,2020-01-07,2021-07-29,155.0,154.0,6.165639972621492,Deorbited
44959,STARLINK-1076,2020-001AX,2020-01-07,2025-03-22,211.0,208.0,6.165639972621492,Deorbited
44960,STARLINK-1077,2020-001AY,2020-01-07,2020-11-09,196.0,187.0,6.165639972621492,Deorbited
44962,STARLINK-1081,2020-001BA,2020-01-07,2021-09-30,183.0,171.0,6.165639972621492,Deorbited
44963,STARLINK-1085,2020-001BB,2020-01-07,2023-04-04,176.0,166.0,6.165639972621492,Deorbited
44964,STARLINK-1086,2020-001BC,2020-01-07,2024-02-03,189.0,181.0,6.165639972621492,Deorbited
44965,STARLINK-1087,2020-001BD,2020-01-07,2020-05-29,162.0,150.0,6.165639972621492,Deorbited
44966,STARLINK-1088,2020-001BE,2020-01-07,2025-04-21,154.0,148.0,6.165639972621492,Deorbited
44967,STARLINK-1089,2020-001BF,2020-01-07,2024-10-15,234.0,222.0,6.165639972621492,Deorbited
44969,STARLINK-1092,2020-001BH,2020-01-07,2025-07-19,149.0,142.0,6.165639972621492,Deorbited
44970,STARLINK-1093,2020-001BJ,2020-01-07,2025-08-11,154.0,143.0,6.165639972621492,Deorbited
44971,STARLINK-1095,2020-001BK,2020-01-07,2021-09-20,186.0,172.0,6.165639972621492,Deorbited
44972,STARLINK-1107,2020-001BL,2020-01-07,2025-12-13,169.0,163.0,6.165639972621492,Deorbited
44973,STARLINK-1115,2020-001BM,2020-01-07,2025-09-11,159.0,152.0,6.165639972621492,Deorbited
45045,STARLINK-1120,2020-006B,2020-01-29,2024-06-24,194.0,192.0,6.105407255304586,Deorbited
45046,STARLINK-1129,2020-006C,2020-01-29,2023-04-27,207.0,185.0,6.105407255304586,Deorbited
45049,STARLINK-1135,2020-006F,2020-01-29,2024-12-15,156.0,148.0,6.105407255304586,Deorbited
45050,STARLINK-1140,2020-006G,2020-01-29,2024-08-14,298.0,290.0,6.105407255304586,Deorbited
45051,STARLINK-1141,2020-006H,2020-01-29,2023-05-30,165.0,151.0,6.105407255304586,Deorbited
45052,STARLINK-1148,2020-006J,2020-01-29,2025-07-28,140.0,133.0,6.105407255304586,Deorbited
45053,STARLINK-1155,2020-006K,2020-01-29,2024-09-12,214.0,198.0,6.105407255304586,Deorbited
45055,STARLINK-1157,2020-006M,2020-01-29,2020-10-22,159.0,154.0,6.105407255304586,Deorbited
45056,STARLINK-1158,2020-006N,2020-01-29,2020-12-05,194.0,184.0,6.105407255304586,Deorbited
45058,STARLINK-1162,2020-006Q,2020-01-29,2025-04-27,147.0,146.0,6.105407255304586,Deorbited
45059,STARLINK-1165,2020-006R,2020-01-29,2024-08-09,288.0,278.0,6.105407255304586,Deorbited
45063,STARLINK-1178,2020-006V,2020-01-29,2021-10-31,194.0,180.0,6.105407255304586,Deorbited
45065,STARLINK-1139,2020-006X,2020-01-29,2024-12-05,144.0,139.0,6.105407255304586,Deorbited
45066,STARLINK-1145,2020-006Y,2020-01-29,2025-01-29,573.0,0.0,6.105407255304586,Deorbited
45067,STARLINK-1150,2020-006Z,2020-01-29,2025-10-06,177.0,168.0,6.105407255304586,Deorbited
45068,STARLINK-1161,2020-006AA,2020-01-29,2025-07-17,149.0,141.0,6.105407255304586,Deorbited
45069,STARLINK-1163,2020-006AB,2020-01-29,2021-08-19,163.0,154.0,6.105407255304586,Deorbited
45070,STARLINK-1164,2020-006AC,2020-01-29,2021-07-30,165.0,160.0,6.105407255304586,Deorbited
45073,STARLINK-1170,2020-006AF,2020-01-29,2025-06-16,156.0,144.0,6.105407255304586,Deorbited
45075,STARLINK-1174,2020-006AH,2020-01-29,2025-05-13,152.0,145.0,6.105407255304586,Deorbited
45076,STARLINK-1180,2020-006AJ,2020-01-29,2024-08-17,309.0,298.0,6.105407255304586,Deorbited
45077,STARLINK-1182,2020-006AK,2020-01-29,2022-04-08,199.0,194.0,6.105407255304586,Deorbited
45078,STARLINK-1177,2020-006AL,2020-01-29,2025-02-22,203.0,198.0,6.105407255304586,Deorbited
45079,STARLINK-1149,2020-006AM,2020-01-29,2024-06-29,192.0,185.0,6.105407255304586,Deorbited
45082,STARLINK-1160,2020-006AQ,2020-01-29,2024-09-12,219.0,206.0,6.105407255304586,Deorbited
45083,STARLINK-1190,2020-006AR,2020-01-29,2025-11-26,155.0,150.0,6.105407255304586,Deorbited
45084,STARLINK-1173,2020-006AS,2020-01-29,2025-10-30,165.0,161.0,6.105407255304586,Deorbited
45085,STARLINK-1179,2020-006AT,2020-01-29,2025-10-05,163.0,157.0,6.105407255304586,Deorbited
45086,STARLINK-1181,2020-006AU,2020-01-29,2023-05-18,184.0,167.0,6.105407255304586,Deorbited
45089,STARLINK-1136,2020-006AX,2020-01-29,2025-01-17,149.0,142.0,6.105407255304586,Deorbited
45090,STARLINK-1176,2020-006AY,2020-01-29,2025-11-03,161.0,158.0,6.105407255304586,Deorbited
45091,STARLINK-1127,2020-006AZ,2020-01-29,2021-08-26,202.0,183.0,6.105407255304586,Deorbited
45092,STARLINK-1137,2020-006BA,2020-01-29,2025-04-17,227.0,213.0,6.105407255304586,Deorbited
45093,STARLINK-1142,2020-006BB,2020-01-29,2025-12-26,161.0,152.0,6.105407255304586,Deorbited
45094,STARLINK-1146,2020-006BC,2020-01-29,2025-10-04,168.0,161.0,6.105407255304586,Deorbited
45095,STARLINK-1147,2020-006BD,2020-01-29,2025-10-16,163.0,153.0,6.105407255304586,Deorbited
45097,STARLINK-1175,2020-006BF,2020-01-29,2021-03-19,183.0,169.0,6.105407255304586,Deorbited
45099,STARLINK-1186,2020-006BH,2020-01-29,2025-02-13,160.0,155.0,6.105407255304586,Deorbited
45101,STARLINK-1194,2020-006BK,2020-01-29,2024-07-30,154.0,143.0,6.105407255304586,Deorbited
45102,STARLINK-1195,2020-006BL,2020-01-29,2024-02-15,163.0,156.0,6.105407255304586,Deorbited
45103,STARLINK-1196,2020-006BM,2020-01-29,2024-08-25,292.0,284.0,6.105407255304586,Deorbited
45178,STARLINK-1138,2020-012A,2020-02-17,2025-01-24,148.0,143.0,6.053388090349076,Deorbited
45180,STARLINK-1192,2020-012C,2020-02-17,2023-10-06,188.0,154.0,6.053388090349076,Deorbited
45181,STARLINK-1200,2020-012D,2020-02-17,2025-09-11,151.0,142.0,6.053388090349076,Deorbited
45182,STARLINK-1201,2020-012E,2020-02-17,2025-09-26,180.0,176.0,6.053388090349076,Deorbited
45184,STARLINK-1205,2020-012G,2020-02-17,2025-03-25,199.0,195.0,6.053388090349076,Deorbited
45186,STARLINK-1224,2020-012J,2020-02-17,2025-09-23,155.0,151.0,6.053388090349076,Deorbited
45188,STARLINK-1228,2020-012L,2020-02-17,2025-09-15,184.0,178.0,6.053388090349076,Deorbited
45191,STARLINK-1236,2020-012P,2020-02-17,2025-02-07,164.0,159.0,6.053388090349076,Deorbited
45192,STARLINK-1237,2020-012Q,2020-02-17,2025-09-17,158.0,150.0,6.053388090349076,Deorbited
45193,STARLINK-1239,2020-012R,2020-02-17,2024-08-10,290.0,285.0,6.053388090349076,Deorbited
45194,STARLINK-1240,2020-012S,2020-02-17,2025-10-01,157.0,153.0,6.053388090349076,Deorbited
45195,STARLINK-1241,2020-012T,2020-02-17,2023-07-16,152.0,137.0,6.053388090349076,Deorbited
45196,STARLINK-1244,2020-012U,2020-02-17,2025-09-27,169.0,166.0,6.053388090349076,Deorbited
45199,STARLINK-1197,2020-012X,2020-02-17,2024-09-07,238.0,231.0,6.053388090349076,Deorbited
45200,STARLINK-1198,2020-012Y,2020-02-17,2021-07-31,185.0,168.0,6.053388090349076,Deorbited
45202,STARLINK-1203,2020-012AA,2020-02-17,2023-04-20,170.0,161.0,6.053388090349076,Deorbited
45203,STARLINK-1204,2020-012AB,2020-02-17,2022-01-21,207.0,197.0,6.053388090349076,Deorbited
45204,STARLINK-1206,2020-012AC,2020-02-17,2025-09-25,159.0,148.0,6.053388090349076,Deorbited
45205,STARLINK-1208,2020-012AD,2020-02-17,2025-10-02,175.0,170.0,6.053388090349076,Deorbited
45207,STARLINK-1210,2020-012AF,2020-02-17,2026-03-04,166.0,157.0,6.053388090349076,Deorbited
45208,STARLINK-1211,2020-012AG,2020-02-17,2023-12-06,184.0,182.0,6.053388090349076,Deorbited
45209,STARLINK-1218,2020-012AH,2020-02-17,2022-10-15,176.0,175.0,6.053388090349076,Deorbited
45210,STARLINK-1219,2020-012AJ,2020-02-17,2025-09-04,154.0,147.0,6.053388090349076,Deorbited
45211,STARLINK-1220,2020-012AK,2020-02-17,2020-02-29,361.0,324.0,6.053388090349076,Deorbited
45213,STARLINK-1232,2020-012AM,2020-02-17,2023-12-13,156.0,149.0,6.053388090349076,Deorbited
45214,STARLINK-1233,2020-012AN,2020-02-17,2024-09-07,261.0,253.0,6.053388090349076,Deorbited
45215,STARLINK-1245,2020-012AP,2020-02-17,2024-06-25,223.0,210.0,6.053388090349076,Deorbited
45216,STARLINK-1254,2020-012AQ,2020-02-17,2021-11-27,170.0,158.0,6.053388090349076,Deorbited
45218,STARLINK-1105,2020-012AS,2020-02-17,2021-06-16,168.0,158.0,6.053388090349076,Deorbited
45219,STARLINK-1187,2020-012AT,2020-02-17,2025-06-27,154.0,140.0,6.053388090349076,Deorbited
45220,STARLINK-1188,2020-012AU,2020-02-17,2021-12-25,205.0,198.0,6.053388090349076,Deorbited
45221,STARLINK-1189,2020-012AV,2020-02-17,2025-04-01,205.0,201.0,6.053388090349076,Deorbited
45224,STARLINK-1214,2020-012AY,2020-02-17,2022-06-07,202.0,192.0,6.053388090349076,Deorbited
45226,STARLINK-1217,2020-012BA,2020-02-17,2025-10-20,157.0,149.0,6.053388090349076,Deorbited
45231,STARLINK-1229,2020-012BF,2020-02-17,2022-10-23,169.0,159.0,6.053388090349076,Deorbited
45232,STARLINK-1235,2020-012BG,2020-02-17,2025-04-10,151.0,144.0,6.053388090349076,Deorbited
45233,STARLINK-1238,2020-012BH,2020-02-17,2025-10-05,154.0,150.0,6.053388090349076,Deorbited
45234,STARLINK-1243,2020-012BJ,2020-02-17,2024-09-01,277.0,263.0,6.053388090349076,Deorbited
45236,STARLINK-1247,2020-012BL,2020-02-17,2025-10-08,165.0,158.0,6.053388090349076,Deorbited
45362,STARLINK-1306,2020-019C,2020-03-18,2026-01-14,147.0,140.0,5.971252566735113,Deorbited
45363,STARLINK-1311,2020-019D,2020-03-18,2020-09-25,182.0,172.0,5.971252566735113,Deorbited
45364,STARLINK-1313,2020-019E,2020-03-18,2024-11-29,185.0,185.0,5.971252566735113,Deorbited
45365,STARLINK-1317,2020-019F,2020-03-18,2023-11-14,155.0,151.0,5.971252566735113,Deorbited
45371,STARLINK-1287,2020-019M,2020-03-18,2024-08-17,315.0,302.0,5.971252566735113,Deorbited
45372,STARLINK-1288,2020-019N,2020-03-18,2024-09-07,239.0,227.0,5.971252566735113,Deorbited
45373,STARLINK-1295,2020-019P,2020-03-18,2025-04-20,166.0,160.0,5.971252566735113,Deorbited
45378,STARLINK-1310,2020-019U,2020-03-18,2024-07-27,184.0,181.0,5.971252566735113,Deorbited
45380,STARLINK-1207,2020-019W,2020-03-18,2025-02-12,161.0,159.0,5.971252566735113,Deorbited
45381,STARLINK-1258,2020-019X,2020-03-18,2025-10-03,150.0,144.0,5.971252566735113,Deorbited
45382,STARLINK-1264,2020-019Y,2020-03-18,2023-12-07,165.0,157.0,5.971252566735113,Deorbited
45385,STARLINK-1268,2020-019AB,2020-03-18,2020-11-19,173.0,165.0,5.971252566735113,Deorbited
45391,STARLINK-1289,2020-019AH,2020-03-18,2024-09-26,164.0,151.0,5.971252566735113,Deorbited
45392,STARLINK-1290,2020-019AJ,2020-03-18,2024-05-02,137.0,133.0,5.971252566735113,Deorbited
45393,STARLINK-1291,2020-019AK,2020-03-18,2025-02-24,166.0,150.0,5.971252566735113,Deorbited
45394,STARLINK-1292,2020-019AL,2020-03-18,2025-11-19,161.0,156.0,5.971252566735113,Deorbited
45396,STARLINK-1303,2020-019AN,2020-03-18,2025-04-06,247.0,234.0,5.971252566735113,Deorbited
45398,STARLINK-1312,2020-019AQ,2020-03-18,2025-11-10,182.0,177.0,5.971252566735113,Deorbited
45400,STARLINK-1213,2020-019AS,2020-03-18,2025-02-27,149.0,135.0,5.971252566735113,Deorbited
45401,STARLINK-1256,2020-019AT,2020-03-18,2025-06-18,143.0,134.0,5.971252566735113,Deorbited
45402,STARLINK-1257,2020-019AU,2020-03-18,2024-08-24,356.0,335.0,5.971252566735113,Deorbited
45403,STARLINK-1259,2020-019AV,2020-03-18,2025-10-28,184.0,181.0,5.971252566735113,Deorbited
45407,STARLINK-1275,2020-019AZ,2020-03-18,2025-05-05,193.0,179.0,5.971252566735113,Deorbited
45409,STARLINK-1282,2020-019BB,2020-03-18,2025-04-26,175.0,173.0,5.971252566735113,Deorbited
45410,STARLINK-1285,2020-019BC,2020-03-18,2022-05-09,193.0,191.0,5.971252566735113,Deorbited
45411,STARLINK-1293,2020-019BD,2020-03-18,2025-04-05,177.0,167.0,5.971252566735113,Deorbited
45416,STARLINK-1318,2020-019BJ,2020-03-18,2026-03-01,152.0,149.0,5.971252566735113,Deorbited
45418,STARLINK-1299,2020-019BL,2020-03-18,2023-08-24,218.0,195.0,5.971252566735113,Deorbited
45533,STARLINK-1339,2020-025C,2020-04-22,2022-09-11,181.0,171.0,5.87542778918549,Deorbited
45534,STARLINK-1341,2020-025D,2020-04-22,2025-02-24,197.0,187.0,5.87542778918549,Deorbited
45536,STARLINK-1352,2020-025F,2020-04-22,2025-06-27,164.0,157.0,5.87542778918549,Deorbited
45537,STARLINK-1353,2020-025G,2020-04-22,2023-02-21,194.0,182.0,5.87542778918549,Deorbited
45539,STARLINK-1367,2020-025J,2020-04-22,2022-08-15,168.0,157.0,5.87542778918549,Deorbited
45541,STARLINK-1369,2020-025L,2020-04-22,2025-04-06,160.0,154.0,5.87542778918549,Deorbited
45545,STARLINK-1374,2020-025Q,2020-04-22,2025-02-22,157.0,149.0,5.87542778918549,Deorbited
45546,STARLINK-1375,2020-025R,2020-04-22,2025-03-12,158.0,148.0,5.87542778918549,Deorbited
45547,STARLINK-1377,2020-025S,2020-04-22,2024-09-08,256.0,242.0,5.87542778918549,Deorbited
45548,STARLINK-1378,2020-025T,2020-04-22,2025-02-26,177.0,168.0,5.87542778918549,Deorbited
45549,STARLINK-1379,2020-025U,2020-04-22,2022-02-16,174.0,167.0,5.87542778918549,Deorbited
45550,STARLINK-1390,2020-025V,2020-04-22,2025-03-21,162.0,152.0,5.87542778918549,Deorbited
45551,STARLINK-1294,2020-025W,2020-04-22,2026-03-03,153.0,149.0,5.87542778918549,Deorbited
45552,STARLINK-1322,2020-025X,2020-04-22,2022-08-22,182.0,162.0,5.87542778918549,Deorbited
45553,STARLINK-1323,2020-025Y,2020-04-22,2025-10-19,155.0,151.0,5.87542778918549,Deorbited
45554,STARLINK-1325,2020-025Z,2020-04-22,2026-01-29,171.0,161.0,5.87542778918549,Deorbited
45556,STARLINK-1334,2020-025AB,2020-04-22,2025-06-06,145.0,135.0,5.87542778918549,Deorbited
45557,STARLINK-1336,2020-025AC,2020-04-22,2025-10-25,151.0,141.0,5.87542778918549,Deorbited
45558,STARLINK-1342,2020-025AD,2020-04-22,2025-10-05,233.0,227.0,5.87542778918549,Deorbited
45559,STARLINK-1344,2020-025AE,2020-04-22,2024-09-19,161.0,159.0,5.87542778918549,Deorbited
45560,STARLINK-1346,2020-025AF,2020-04-22,2025-04-12,153.0,143.0,5.87542778918549,Deorbited
45561,STARLINK-1348,2020-025AG,2020-04-22,2023-08-05,167.0,165.0,5.87542778918549,Deorbited
45562,STARLINK-1354,2020-025AH,2020-04-22,2025-01-01,153.0,143.0,5.87542778918549,Deorbited
45563,STARLINK-1355,2020-025AJ,2020-04-22,2025-09-25,161.0,158.0,5.87542778918549,Deorbited
45566,STARLINK-1358,2020-025AM,2020-04-22,2025-05-13,162.0,146.0,5.87542778918549,Deorbited
45571,STARLINK-1261,2020-025AS,2020-04-22,2024-01-12,174.0,166.0,5.87542778918549,Deorbited
45574,STARLINK-1324,2020-025AV,2020-04-22,2024-07-20,146.0,145.0,5.87542778918549,Deorbited
45575,STARLINK-1326,2020-025AW,2020-04-22,2023-06-03,177.0,166.0,5.87542778918549,Deorbited
45576,STARLINK-1328,2020-025AX,2020-04-22,2026-01-15,160.0,153.0,5.87542778918549,Deorbited
45577,STARLINK-1330,2020-025AY,2020-04-22,2023-11-21,161.0,155.0,5.87542778918549,Deorbited
45579,STARLINK-1332,2020-025BA,2020-04-22,2025-05-06,161.0,150.0,5.87542778918549,Deorbited
45583,STARLINK-1340,2020-025BE,2020-04-22,2024-08-07,289.0,282.0,5.87542778918549,Deorbited
45584,STARLINK-1343,2020-025BF,2020-04-22,2023-11-12,183.0,176.0,5.87542778918549,Deorbited
45585,STARLINK-1345,2020-025BG,2020-04-22,2022-01-09,177.0,165.0,5.87542778918549,Deorbited
45587,STARLINK-1349,2020-025BJ,2020-04-22,2025-09-18,182.0,172.0,5.87542778918549,Deorbited
45588,STARLINK-1360,2020-025BK,2020-04-22,2025-12-31,204.0,199.0,5.87542778918549,Deorbited
45657,STARLINK-1440,2020-035A,2020-06-04,2020-07-14,166.0,130.0,5.757700205338809,Deorbited
45658,STARLINK-1441,2020-035B,2020-06-04,2024-08-07,285.0,279.0,5.757700205338809,Deorbited
45659,STARLINK-1442,2020-035C,2020-06-04,2024-06-09,190.0,176.0,5.757700205338809,Deorbited
45661,STARLINK-1444,2020-035E,2020-06-04,2025-04-19,168.0,155.0,5.757700205338809,Deorbited
45662,STARLINK-1445,2020-035F,2020-06-04,2024-12-18,182.0,176.0,5.757700205338809,Deorbited
45664,STARLINK-1447,2020-035H,2020-06-04,2021-01-08,198.0,187.0,5.757700205338809,Deorbited
45666,STARLINK-1449,2020-035K,2020-06-04,2025-05-07,152.0,145.0,5.757700205338809,Deorbited
45667,STARLINK-1450,2020-035L,2020-06-04,2024-08-17,320.0,314.0,5.757700205338809,Deorbited
45672,STARLINK-1455,2020-035R,2020-06-04,2024-10-05,184.0,175.0,5.757700205338809,Deorbited
45678,STARLINK-1393,2020-035X,2020-06-04,2025-03-07,152.0,141.0,5.757700205338809,Deorbited
45680,STARLINK-1395,2020-035Z,2020-06-04,2025-04-26,201.0,187.0,5.757700205338809,Deorbited
45681,STARLINK-1396,2020-035AA,2020-06-04,2024-07-06,175.0,168.0,5.757700205338809,Deorbited
45682,STARLINK-1397,2020-035AB,2020-06-04,2025-05-05,174.0,158.0,5.757700205338809,Deorbited
45683,STARLINK-1399,2020-035AC,2020-06-04,2025-03-23,152.0,148.0,5.757700205338809,Deorbited
45684,STARLINK-1401,2020-035AD,2020-06-04,2025-02-07,154.0,145.0,5.757700205338809,Deorbited
45687,STARLINK-1406,2020-035AG,2020-06-04,2022-03-07,190.0,187.0,5.757700205338809,Deorbited
45688,STARLINK-1408,2020-035AH,2020-06-04,2025-03-02,163.0,159.0,5.757700205338809,Deorbited
45690,STARLINK-1414,2020-035AK,2020-06-04,2025-04-08,159.0,148.0,5.757700205338809,Deorbited
45691,STARLINK-1415,2020-035AL,2020-06-04,2024-08-10,290.0,283.0,5.757700205338809,Deorbited
45692,STARLINK-1416,2020-035AM,2020-06-04,2024-09-23,165.0,162.0,5.757700205338809,Deorbited
45694,STARLINK-1419,2020-035AP,2020-06-04,2023-09-24,233.0,211.0,5.757700205338809,Deorbited
45698,STARLINK-1370,2020-035AT,2020-06-04,2024-07-28,187.0,172.0,5.757700205338809,Deorbited
45702,STARLINK-1405,2020-035AX,2020-06-04,2025-08-21,189.0,177.0,5.757700205338809,Deorbited
45704,STARLINK-1409,2020-035AZ,2020-06-04,2024-08-02,270.0,264.0,5.757700205338809,Deorbited
45705,STARLINK-1410,2020-035BA,2020-06-04,2024-01-20,182.0,175.0,5.757700205338809,Deorbited
45707,STARLINK-1412,2020-035BC,2020-06-04,2025-06-15,153.0,136.0,5.757700205338809,Deorbited
45708,STARLINK-1418,2020-035BD,2020-06-04,2025-04-12,175.0,169.0,5.757700205338809,Deorbited
45709,STARLINK-1421,2020-035BE,2020-06-04,2024-08-29,267.0,251.0,5.757700205338809,Deorbited
45713,STARLINK-1436,2020-035BJ,2020-06-04,2024-06-23,175.0,163.0,5.757700205338809,Deorbited
45714,STARLINK-1437,2020-035BK,2020-06-04,2024-08-21,314.0,307.0,5.757700205338809,Deorbited
45715,STARLINK-1438,2020-035BL,2020-06-04,2021-06-27,151.0,128.0,5.757700205338809,Deorbited
45716,STARLINK-1439,2020-035BM,2020-06-04,2022-03-13,193.0,182.0,5.757700205338809,Deorbited
45730,STARLINK-1461,2020-038A,2020-06-13,2024-08-23,322.0,307.0,5.73305954825462,Deorbited
45732,STARLINK-1466,2020-038C,2020-06-13,2024-09-02,277.0,270.0,5.73305954825462,Deorbited
45733,STARLINK-1467,2020-038D,2020-06-13,2024-11-24,151.0,144.0,5.73305954825462,Deorbited
45734,STARLINK-1468,2020-038E,2020-06-13,2024-12-28,170.0,155.0,5.73305954825462,Deorbited
45736,STARLINK-1472,2020-038G,2020-06-13,2023-12-09,170.0,162.0,5.73305954825462,Deorbited
45737,STARLINK-1473,2020-038H,2020-06-13,2021-06-28,186.0,179.0,5.73305954825462,Deorbited
45738,STARLINK-1474,2020-038J,2020-06-13,2026-02-23,154.0,148.0,5.73305954825462,Deorbited
45739,STARLINK-1475,2020-038K,2020-06-13,2025-12-14,168.0,157.0,5.73305954825462,Deorbited
45740,STARLINK-1479,2020-038L,2020-06-13,2025-01-22,158.0,151.0,5.73305954825462,Deorbited
45742,STARLINK-1481,2020-038N,2020-06-13,2025-08-24,152.0,147.0,5.73305954825462,Deorbited
45743,STARLINK-1483,2020-038P,2020-06-13,2024-12-21,152.0,147.0,5.73305954825462,Deorbited
45745,STARLINK-1503,2020-038R,2020-06-13,2025-05-15,152.0,141.0,5.73305954825462,Deorbited
45748,STARLINK-1507,2020-038U,2020-06-13,2025-06-16,148.0,139.0,5.73305954825462,Deorbited
45749,STARLINK-1516,2020-038V,2020-06-13,2021-06-19,162.0,153.0,5.73305954825462,Deorbited
45750,STARLINK-1391,2020-038W,2020-06-13,2025-02-24,138.0,124.0,5.73305954825462,Deorbited
45752,STARLINK-1469,2020-038Y,2020-06-13,2022-08-22,157.0,153.0,5.73305954825462,Deorbited
45753,STARLINK-1476,2020-038Z,2020-06-13,2025-09-10,159.0,147.0,5.73305954825462,Deorbited
45757,STARLINK-1486,2020-038AD,2020-06-13,2025-01-04,160.0,153.0,5.73305954825462,Deorbited
45758,STARLINK-1487,2020-038AE,2020-06-13,2025-08-27,144.0,136.0,5.73305954825462,Deorbited
45761,STARLINK-1495,2020-038AH,2020-06-13,2022-11-28,190.0,185.0,5.73305954825462,Deorbited
45762,STARLINK-1499,2020-038AJ,2020-06-13,2024-12-18,138.0,131.0,5.73305954825462,Deorbited
45763,STARLINK-1501,2020-038AK,2020-06-13,2022-07-25,142.0,130.0,5.73305954825462,Deorbited
45765,STARLINK-1508,2020-038AM,2020-06-13,2021-10-25,161.0,153.0,5.73305954825462,Deorbited
45766,STARLINK-1509,2020-038AN,2020-06-13,2024-11-24,156.0,155.0,5.73305954825462,Deorbited
45767,STARLINK-1511,2020-038AP,2020-06-13,2024-12-29,154.0,145.0,5.73305954825462,Deorbited
45768,STARLINK-1521,2020-038AQ,2020-06-13,2024-03-09,174.0,166.0,5.73305954825462,Deorbited
45769,STARLINK-1459,2020-038AR,2020-06-13,2024-11-05,173.0,136.0,5.73305954825462,Deorbited
45770,STARLINK-1462,2020-038AS,2020-06-13,2024-10-18,236.0,229.0,5.73305954825462,Deorbited
45771,STARLINK-1463,2020-038AT,2020-06-13,2025-03-22,147.0,136.0,5.73305954825462,Deorbited
45774,STARLINK-1485,2020-038AW,2020-06-13,2025-11-04,152.0,147.0,5.73305954825462,Deorbited
45775,STARLINK-1488,2020-038AX,2020-06-13,2024-11-12,184.0,175.0,5.73305954825462,Deorbited
45776,STARLINK-1489,2020-038AY,2020-06-13,2025-06-20,148.0,146.0,5.73305954825462,Deorbited
45777,STARLINK-1490,2020-038AZ,2020-06-13,2025-01-28,155.0,150.0,5.73305954825462,Deorbited
45778,STARLINK-1491,2020-038BA,2020-06-13,2025-08-21,186.0,182.0,5.73305954825462,Deorbited
45779,STARLINK-1492,2020-038BB,2020-06-13,2025-01-28,160.0,154.0,5.73305954825462,Deorbited
45781,STARLINK-1497,2020-038BD,2020-06-13,2026-02-12,141.0,135.0,5.73305954825462,Deorbited
45782,STARLINK-1498,2020-038BE,2020-06-13,2024-12-04,180.0,177.0,5.73305954825462,Deorbited
45783,STARLINK-1505,2020-038BF,2020-06-13,2024-11-03,145.0,139.0,5.73305954825462,Deorbited
45784,STARLINK-1510,2020-038BG,2020-06-13,2026-01-06,146.0,143.0,5.73305954825462,Deorbited
45785,STARLINK-1512,2020-038BH,2020-06-13,2024-12-10,167.0,163.0,5.73305954825462,Deorbited
45787,STARLINK-1517,2020-038BK,2020-06-13,2025-06-06,168.0,161.0,5.73305954825462,Deorbited
46030,STARLINK-1534,2020-055D,2020-08-07,2024-12-24,158.0,154.0,5.582477754962355,Deorbited
46031,STARLINK-1544,2020-055E,2020-08-07,2024-12-27,152.0,138.0,5.582477754962355,Deorbited
46037,STARLINK-1565,2020-055L,2020-08-07,2025-04-30,188.0,176.0,5.582477754962355,Deorbited
46040,STARLINK-1576,2020-055P,2020-08-07,2024-05-20,178.0,173.0,5.582477754962355,Deorbited
46041,STARLINK-1580,2020-055Q,2020-08-07,2025-04-01,226.0,206.0,5.582477754962355,Deorbited
46042,STARLINK-1581,2020-055R,2020-08-07,2025-03-26,192.0,178.0,5.582477754962355,Deorbited
46044,STARLINK-1584,2020-055T,2020-08-07,2024-05-24,183.0,176.0,5.582477754962355,Deorbited
46046,STARLINK-1514,2020-055V,2020-08-07,2022-07-17,159.0,154.0,5.582477754962355,Deorbited
46049,STARLINK-1530,2020-055Y,2020-08-07,2024-06-23,191.0,172.0,5.582477754962355,Deorbited
46050,STARLINK-1535,2020-055Z,2020-08-07,2022-01-08,188.0,178.0,5.582477754962355,Deorbited
46056,STARLINK-1561,2020-055AF,2020-08-07,2023-11-14,183.0,172.0,5.582477754962355,Deorbited
46057,STARLINK-1562,2020-055AG,2020-08-07,2021-08-18,160.0,147.0,5.582477754962355,Deorbited
46062,STARLINK-1574,2020-055AM,2020-08-07,2025-01-11,164.0,159.0,5.582477754962355,Deorbited
46065,STARLINK-1515,2020-055AQ,2020-08-07,2023-11-29,191.0,171.0,5.582477754962355,Deorbited
46067,STARLINK-1529,2020-055AS,2020-08-07,2024-04-22,175.0,163.0,5.582477754962355,Deorbited
46068,STARLINK-1532,2020-055AT,2020-08-07,2024-08-16,316.0,309.0,5.582477754962355,Deorbited
46069,STARLINK-1533,2020-055AU,2020-08-07,2025-04-12,157.0,149.0,5.582477754962355,Deorbited
46071,STARLINK-1538,2020-055AW,2020-08-07,2024-12-31,171.0,167.0,5.582477754962355,Deorbited
46072,STARLINK-1539,2020-055AX,2020-08-07,2024-06-26,207.0,196.0,5.582477754962355,Deorbited
46078,STARLINK-1563,2020-055BD,2020-08-07,2025-04-06,164.0,153.0,5.582477754962355,Deorbited
46081,STARLINK-1571,2020-055BG,2020-08-07,2025-02-22,167.0,148.0,5.582477754962355,Deorbited
46118,STARLINK-1588,2020-057B,2020-08-18,2025-06-01,138.0,128.0,5.552361396303901,Deorbited
46120,STARLINK-1601,2020-057D,2020-08-18,2026-03-04,154.0,146.0,5.552361396303901,Deorbited
46121,STARLINK-1602,2020-057E,2020-08-18,2025-01-07,171.0,168.0,5.552361396303901,Deorbited
46122,STARLINK-1604,2020-057F,2020-08-18,2025-03-01,144.0,138.0,5.552361396303901,Deorbited
46123,STARLINK-1605,2020-057G,2020-08-18,2026-02-11,152.0,146.0,5.552361396303901,Deorbited
46124,STARLINK-1614,2020-057H,2020-08-18,2026-02-07,152.0,147.0,5.552361396303901,Deorbited
46125,STARLINK-1618,2020-057J,2020-08-18,2025-09-17,177.0,170.0,5.552361396303901,Deorbited
46126,STARLINK-1619,2020-057K,2020-08-18,2025-04-13,164.0,153.0,5.552361396303901,Deorbited
46132,STARLINK-1630,2020-057R,2020-08-18,2025-01-26,164.0,152.0,5.552361396303901,Deorbited
46133,STARLINK-1637,2020-057S,2020-08-18,2025-02-24,187.0,179.0,5.552361396303901,Deorbited
46134,STARLINK-1638,2020-057T,2020-08-18,2023-11-29,189.0,182.0,5.552361396303901,Deorbited
46135,STARLINK-1639,2020-057U,2020-08-18,2025-08-09,146.0,134.0,5.552361396303901,Deorbited
46136,STARLINK-1643,2020-057V,2020-08-18,2025-12-02,159.0,156.0,5.552361396303901,Deorbited
46137,STARLINK-1586,2020-057W,2020-08-18,2025-09-26,150.0,144.0,5.552361396303901,Deorbited
46138,STARLINK-1590,2020-057X,2020-08-18,2025-04-04,165.0,156.0,5.552361396303901,Deorbited
46139,STARLINK-1592,2020-057Y,2020-08-18,2021-08-01,171.0,163.0,5.552361396303901,Deorbited
46140,STARLINK-1594,2020-057Z,2020-08-18,2025-02-05,174.0,165.0,5.552361396303901,Deorbited
46143,STARLINK-1599,2020-057AC,2020-08-18,2022-02-04,177.0,173.0,5.552361396303901,Deorbited
46145,STARLINK-1607,2020-057AE,2020-08-18,2021-09-30,145.0,135.0,5.552361396303901,Deorbited
46147,STARLINK-1611,2020-057AG,2020-08-18,2025-01-31,95.0,87.0,5.552361396303901,Deorbited
46148,STARLINK-1616,2020-057AH,2020-08-18,2025-05-10,151.0,144.0,5.552361396303901,Deorbited
46149,STARLINK-1620,2020-057AJ,2020-08-18,2024-11-05,168.0,164.0,5.552361396303901,Deorbited
46150,STARLINK-1629,2020-057AK,2020-08-18,2026-02-16,169.0,163.0,5.552361396303901,Deorbited
46151,STARLINK-1631,2020-057AL,2020-08-18,2025-06-06,162.0,151.0,5.552361396303901,Deorbited
46152,STARLINK-1634,2020-057AM,2020-08-18,2024-09-04,210.0,205.0,5.552361396303901,Deorbited
46153,STARLINK-1636,2020-057AN,2020-08-18,2025-09-22,149.0,142.0,5.552361396303901,Deorbited
46154,STARLINK-1642,2020-057AP,2020-08-18,2026-02-20,155.0,146.0,5.552361396303901,Deorbited
46158,STARLINK-1589,2020-057AT,2020-08-18,2024-06-24,181.0,178.0,5.552361396303901,Deorbited
46161,STARLINK-1600,2020-057AW,2020-08-18,2025-06-14,153.0,140.0,5.552361396303901,Deorbited
46162,STARLINK-1603,2020-057AX,2020-08-18,2025-02-27,152.0,137.0,5.552361396303901,Deorbited
46163,STARLINK-1610,2020-057AY,2020-08-18,2025-05-08,156.0,147.0,5.552361396303901,Deorbited
46165,STARLINK-1613,2020-057BA,2020-08-18,2024-05-20,192.0,180.0,5.552361396303901,Deorbited
46166,STARLINK-1615,2020-057BB,2020-08-18,2024-07-04,186.0,181.0,5.552361396303901,Deorbited
46169,STARLINK-1628,2020-057BE,2020-08-18,2025-10-29,209.0,200.0,5.552361396303901,Deorbited
46170,STARLINK-1632,2020-057BF,2020-08-18,2021-09-12,184.0,166.0,5.552361396303901,Deorbited
46325,STARLINK-1734,2020-062A,2020-09-03,2025-12-25,154.0,146.0,5.508555783709788,Deorbited
46327,STARLINK-1673,2020-062C,2020-09-03,2025-07-13,158.0,146.0,5.508555783709788,Deorbited
46330,STARLINK-1710,2020-062F,2020-09-03,2026-03-03,173.0,164.0,5.508555783709788,Deorbited
46332,STARLINK-1721,2020-062H,2020-09-03,2024-10-15,155.0,145.0,5.508555783709788,Deorbited
46333,STARLINK-1723,2020-062J,2020-09-03,2026-03-06,155.0,147.0,5.508555783709788,Deorbited
46334,STARLINK-1725,2020-062K,2020-09-03,2025-02-13,163.0,159.0,5.508555783709788,Deorbited
46337,STARLINK-1750,2020-062N,2020-09-03,2026-03-03,153.0,145.0,5.508555783709788,Deorbited
46339,STARLINK-1757,2020-062Q,2020-09-03,2021-12-04,170.0,143.0,5.508555783709788,Deorbited
46341,STARLINK-1760,2020-062S,2020-09-03,2025-02-12,158.0,150.0,5.508555783709788,Deorbited
46345,STARLINK-1767,2020-062W,2020-09-03,2026-02-07,159.0,157.0,5.508555783709788,Deorbited
46346,STARLINK-1546,2020-062X,2020-09-03,2023-06-10,199.0,179.0,5.508555783709788,Deorbited
46350,STARLINK-1617,2020-062AB,2020-09-03,2024-06-08,192.0,173.0,5.508555783709788,Deorbited
46358,STARLINK-1690,2020-062AK,2020-09-03,2024-10-29,182.0,171.0,5.508555783709788,Deorbited
46360,STARLINK-1713,2020-062AM,2020-09-03,2025-10-10,174.0,165.0,5.508555783709788,Deorbited
46361,STARLINK-1722,2020-062AN,2020-09-03,2025-02-15,160.0,150.0,5.508555783709788,Deorbited
46363,STARLINK-1739,2020-062AQ,2020-09-03,2025-05-25,158.0,151.0,5.508555783709788,Deorbited
46364,STARLINK-1763,2020-062AR,2020-09-03,2025-03-03,165.0,158.0,5.508555783709788,Deorbited
46365,STARLINK-1550,2020-062AS,2020-09-03,2024-03-27,179.0,168.0,5.508555783709788,Deorbited
46366,STARLINK-1651,2020-062AT,2020-09-03,2026-03-03,162.0,154.0,5.508555783709788,Deorbited
46367,STARLINK-1652,2020-062AU,2020-09-03,2021-07-25,167.0,153.0,5.508555783709788,Deorbited
46368,STARLINK-1658,2020-062AV,2020-09-03,2024-08-10,298.0,291.0,5.508555783709788,Deorbited
46369,STARLINK-1662,2020-062AW,2020-09-03,2021-11-23,165.0,155.0,5.508555783709788,Deorbited
46370,STARLINK-1670,2020-062AX,2020-09-03,2025-02-08,153.0,151.0,5.508555783709788,Deorbited
46371,STARLINK-1688,2020-062AY,2020-09-03,2024-08-04,279.0,269.0,5.508555783709788,Deorbited
46372,STARLINK-1689,2020-062AZ,2020-09-03,2025-09-07,191.0,176.0,5.508555783709788,Deorbited
46373,STARLINK-1691,2020-062BA,2020-09-03,2021-08-17,156.0,124.0,5.508555783709788,Deorbited
46374,STARLINK-1711,2020-062BB,2020-09-03,2025-02-21,135.0,105.0,5.508555783709788,Deorbited
46377,STARLINK-1745,2020-062BE,2020-09-03,2021-08-20,180.0,170.0,5.508555783709788,Deorbited
46378,STARLINK-1751,2020-062BF,2020-09-03,2022-02-09,191.0,183.0,5.508555783709788,Deorbited
46379,STARLINK-1756,2020-062BG,2020-09-03,2021-10-23,167.0,150.0,5.508555783709788,Deorbited
46380,STARLINK-1758,2020-062BH,2020-09-03,2025-02-09,165.0,155.0,5.508555783709788,Deorbited
46381,STARLINK-1768,2020-062BJ,2020-09-03,2021-09-12,166.0,128.0,5.508555783709788,Deorbited
46382,STARLINK-1769,2020-062BK,2020-09-03,2026-02-15,142.0,140.0,5.508555783709788,Deorbited
46532,STARLINK-1644,2020-070A,2020-10-06,2025-02-12,168.0,163.0,5.418206707734429,Deorbited
46534,STARLINK-1659,2020-070C,2020-10-06,2025-05-06,156.0,151.0,5.418206707734429,Deorbited
46536,STARLINK-1668,2020-070E,2020-10-06,2022-02-10,180.0,173.0,5.418206707734429,Deorbited
46539,STARLINK-1684,2020-070H,2020-10-06,2022-03-27,159.0,138.0,5.418206707734429,Deorbited
46540,STARLINK-1685,2020-070J,2020-10-06,2021-08-29,192.0,177.0,5.418206707734429,Deorbited
46541,STARLINK-1687,2020-070K,2020-10-06,2026-03-06,147.0,142.0,5.418206707734429,Deorbited
46542,STARLINK-1692,2020-070L,2020-10-06,2025-12-08,162.0,154.0,5.418206707734429,Deorbited
46543,STARLINK-1693,2020-070M,2020-10-06,2025-08-16,155.0,147.0,5.418206707734429,Deorbited
46544,STARLINK-1694,2020-070N,2020-10-06,2025-05-08,146.0,139.0,5.418206707734429,Deorbited
46545,STARLINK-1696,2020-070P,2020-10-06,2025-04-29,152.0,145.0,5.418206707734429,Deorbited
46546,STARLINK-1697,2020-070Q,2020-10-06,2025-04-06,192.0,179.0,5.418206707734429,Deorbited
46547,STARLINK-1698,2020-070R,2020-10-06,2024-09-07,250.0,235.0,5.418206707734429,Deorbited
46548,STARLINK-1699,2020-070S,2020-10-06,2024-10-19,179.0,175.0,5.418206707734429,Deorbited
46549,STARLINK-1700,2020-070T,2020-10-06,2026-01-26,164.0,159.0,5.418206707734429,Deorbited
46550,STARLINK-1701,2020-070U,2020-10-06,2025-03-01,167.0,163.0,5.418206707734429,Deorbited
46551,STARLINK-1702,2020-070V,2020-10-06,2021-03-06,149.0,135.0,5.418206707734429,Deorbited
46552,STARLINK-1649,2020-070W,2020-10-06,2023-03-24,198.0,189.0,5.418206707734429,Deorbited
46554,STARLINK-1671,2020-070Y,2020-10-06,2025-02-21,154.0,143.0,5.418206707734429,Deorbited
46555,STARLINK-1674,2020-070Z,2020-10-06,2021-12-12,177.0,168.0,5.418206707734429,Deorbited
46560,STARLINK-1706,2020-070AE,2020-10-06,2023-06-16,170.0,145.0,5.418206707734429,Deorbited
46561,STARLINK-1709,2020-070AF,2020-10-06,2025-02-09,163.0,161.0,5.418206707734429,Deorbited
46566,STARLINK-1740,2020-070AL,2020-10-06,2026-01-29,165.0,157.0,5.418206707734429,Deorbited
46568,STARLINK-1743,2020-070AN,2020-10-06,2022-04-10,203.0,194.0,5.418206707734429,Deorbited
46569,STARLINK-1747,2020-070AP,2020-10-06,2024-03-08,140.0,133.0,5.418206707734429,Deorbited
46570,STARLINK-1748,2020-070AQ,2020-10-06,2024-10-18,183.0,176.0,5.418206707734429,Deorbited
46571,STARLINK-1753,2020-070AR,2020-10-06,2022-04-30,172.0,162.0,5.418206707734429,Deorbited
46573,STARLINK-1650,2020-070AT,2020-10-06,2023-06-27,164.0,152.0,5.418206707734429,Deorbited
46574,STARLINK-1660,2020-070AU,2020-10-06,2025-09-16,157.0,150.0,5.418206707734429,Deorbited
46575,STARLINK-1675,2020-070AV,2020-10-06,2025-11-27,165.0,159.0,5.418206707734429,Deorbited
46577,STARLINK-1682,2020-070AX,2020-10-06,2025-03-02,191.0,184.0,5.418206707734429,Deorbited
46579,STARLINK-1705,2020-070AZ,2020-10-06,2026-01-23,156.0,152.0,5.418206707734429,Deorbited
46580,STARLINK-1708,2020-070BA,2020-10-06,2025-06-13,156.0,150.0,5.418206707734429,Deorbited
46583,STARLINK-1729,2020-070BD,2020-10-06,2025-01-31,147.0,128.0,5.418206707734429,Deorbited
46584,STARLINK-1732,2020-070BE,2020-10-06,2025-02-26,154.0,154.0,5.418206707734429,Deorbited
46586,STARLINK-1737,2020-070BG,2020-10-06,2025-02-08,156.0,153.0,5.418206707734429,Deorbited
46587,STARLINK-1744,2020-070BH,2020-10-06,2021-07-18,165.0,153.0,5.418206707734429,Deorbited
46589,STARLINK-1749,2020-070BK,2020-10-06,2025-03-20,156.0,146.0,5.418206707734429,Deorbited
46590,STARLINK-1754,2020-070BL,2020-10-06,2022-04-17,182.0,171.0,5.418206707734429,Deorbited
46591,STARLINK-1755,2020-070BM,2020-10-06,2025-02-23,167.0,166.0,5.418206707734429,Deorbited
46670,STARLINK-1819,2020-073A,2020-10-18,2020-10-25,205.0,190.0,5.385352498288843,Deorbited
46671,STARLINK-1715,2020-073B,2020-10-18,2025-03-07,168.0,167.0,5.385352498288843,Deorbited
46673,STARLINK-1717,2020-073D,2020-10-18,2024-08-24,334.0,321.0,5.385352498288843,Deorbited
46675,STARLINK-1720,2020-073F,2020-10-18,2025-01-06,149.0,146.0,5.385352498288843,Deorbited
46676,STARLINK-1731,2020-073G,2020-10-18,2021-11-13,154.0,148.0,5.385352498288843,Deorbited
46677,STARLINK-1766,2020-073H,2020-10-18,2024-09-15,152.0,121.0,5.385352498288843,Deorbited
46678,STARLINK-1772,2020-073J,2020-10-18,2020-12-27,156.0,147.0,5.385352498288843,Deorbited
46679,STARLINK-1773,2020-073K,2020-10-18,2025-08-12,138.0,129.0,5.385352498288843,Deorbited
46680,STARLINK-1774,2020-073L,2020-10-18,2024-01-28,148.0,136.0,5.385352498288843,Deorbited
46682,STARLINK-1776,2020-073N,2020-10-18,2025-02-07,180.0,171.0,5.385352498288843,Deorbited
46683,STARLINK-1778,2020-073P,2020-10-18,2021-09-04,166.0,148.0,5.385352498288843,Deorbited
46684,STARLINK-1780,2020-073Q,2020-10-18,2025-02-17,152.0,149.0,5.385352498288843,Deorbited
46686,STARLINK-1783,2020-073S,2020-10-18,2024-06-09,212.0,209.0,5.385352498288843,Deorbited
46688,STARLINK-1786,2020-073U,2020-10-18,2022-01-29,170.0,165.0,5.385352498288843,Deorbited
46690,STARLINK-1789,2020-073W,2020-10-18,2026-02-24,160.0,150.0,5.385352498288843,Deorbited
46692,STARLINK-1791,2020-073Y,2020-10-18,2025-01-29,158.0,148.0,5.385352498288843,Deorbited
46693,STARLINK-1792,2020-073Z,2020-10-18,2025-09-07,166.0,163.0,5.385352498288843,Deorbited
46694,STARLINK-1793,2020-073AA,2020-10-18,2025-04-20,166.0,157.0,5.385352498288843,Deorbited
46695,STARLINK-1794,2020-073AB,2020-10-18,2021-09-29,184.0,182.0,5.385352498288843,Deorbited
46697,STARLINK-1796,2020-073AD,2020-10-18,2021-09-06,160.0,133.0,5.385352498288843,Deorbited
46703,STARLINK-1803,2020-073AK,2020-10-18,2025-04-24,175.0,167.0,5.385352498288843,Deorbited
46704,STARLINK-1804,2020-073AL,2020-10-18,2024-06-09,173.0,167.0,5.385352498288843,Deorbited
46707,STARLINK-1808,2020-073AP,2020-10-18,2025-04-25,159.0,150.0,5.385352498288843,Deorbited
46708,STARLINK-1809,2020-073AQ,2020-10-18,2022-06-05,171.0,165.0,5.385352498288843,Deorbited
46710,STARLINK-1811,2020-073AS,2020-10-18,2023-11-18,182.0,175.0,5.385352498288843,Deorbited
46711,STARLINK-1813,2020-073AT,2020-10-18,2025-01-13,152.0,147.0,5.385352498288843,Deorbited
46716,STARLINK-1818,2020-073AY,2020-10-18,2025-06-24,154.0,140.0,5.385352498288843,Deorbited
46719,STARLINK-1822,2020-073BB,2020-10-18,2025-09-03,153.0,148.0,5.385352498288843,Deorbited
46720,STARLINK-1823,2020-073BC,2020-10-18,2022-08-31,178.0,162.0,5.385352498288843,Deorbited
46721,STARLINK-1824,2020-073BD,2020-10-18,2021-10-03,153.0,140.0,5.385352498288843,Deorbited
46722,STARLINK-1825,2020-073BE,2020-10-18,2024-05-31,168.0,161.0,5.385352498288843,Deorbited
46724,STARLINK-1827,2020-073BG,2020-10-18,2021-11-11,157.0,147.0,5.385352498288843,Deorbited
46726,STARLINK-1829,2020-073BJ,2020-10-18,2025-02-04,183.0,161.0,5.385352498288843,Deorbited
46728,STARLINK-1831,2020-073BL,2020-10-18,2022-04-02,174.0,173.0,5.385352498288843,Deorbited
46729,STARLINK-1841,2020-073BM,2020-10-18,2021-05-28,136.0,127.0,5.385352498288843,Deorbited
46739,STARLINK-1847,2020-074A,2020-10-24,2021-07-14,157.0,146.0,5.368925393566051,Deorbited
46740,STARLINK-1848,2020-074B,2020-10-24,2026-03-04,167.0,158.0,5.368925393566051,Deorbited
46741,STARLINK-1865,2020-074C,2020-10-24,2025-02-27,201.0,189.0,5.368925393566051,Deorbited
46742,STARLINK-1872,2020-074D,2020-10-24,2023-04-15,185.0,173.0,5.368925393566051,Deorbited
46745,STARLINK-1898,2020-074G,2020-10-24,2022-11-27,187.0,180.0,5.368925393566051,Deorbited
46747,STARLINK-1908,2020-074J,2020-10-24,2025-02-06,186.0,176.0,5.368925393566051,Deorbited
46748,STARLINK-1910,2020-074K,2020-10-24,2025-02-03,198.0,169.0,5.368925393566051,Deorbited
46750,STARLINK-1915,2020-074M,2020-10-24,2020-11-06,169.0,154.0,5.368925393566051,Deorbited
46751,STARLINK-1920,2020-074N,2020-10-24,2025-04-30,185.0,169.0,5.368925393566051,Deorbited
46752,STARLINK-1921,2020-074P,2020-10-24,2025-02-07,167.0,158.0,5.368925393566051,Deorbited
46754,STARLINK-1923,2020-074R,2020-10-24,2024-12-02,176.0,167.0,5.368925393566051,Deorbited
46755,STARLINK-1924,2020-074S,2020-10-24,2025-07-15,166.0,155.0,5.368925393566051,Deorbited
46756,STARLINK-1925,2020-074T,2020-10-24,2025-03-24,149.0,138.0,5.368925393566051,Deorbited
46757,STARLINK-1926,2020-074U,2020-10-24,2024-11-02,160.0,158.0,5.368925393566051,Deorbited
46759,STARLINK-1833,2020-074W,2020-10-24,2025-05-17,151.0,144.0,5.368925393566051,Deorbited
46760,STARLINK-1896,2020-074X,2020-10-24,2025-01-25,154.0,151.0,5.368925393566051,Deorbited
46761,STARLINK-1897,2020-074Y,2020-10-24,2021-08-23,167.0,156.0,5.368925393566051,Deorbited
46762,STARLINK-1901,2020-074Z,2020-10-24,2021-11-14,164.0,160.0,5.368925393566051,Deorbited
46763,STARLINK-1902,2020-074AA,2020-10-24,2023-02-04,147.0,140.0,5.368925393566051,Deorbited
46764,STARLINK-1903,2020-074AB,2020-10-24,2025-11-15,186.0,179.0,5.368925393566051,Deorbited
46765,STARLINK-1906,2020-074AC,2020-10-24,2025-02-25,174.0,164.0,5.368925393566051,Deorbited
46766,STARLINK-1916,2020-074AD,2020-10-24,2025-04-18,159.0,147.0,5.368925393566051,Deorbited
46767,STARLINK-1917,2020-074AE,2020-10-24,2025-02-21,158.0,151.0,5.368925393566051,Deorbited
46768,STARLINK-1918,2020-074AF,2020-10-24,2024-01-08,149.0,146.0,5.368925393566051,Deorbited
46769,STARLINK-1919,2020-074AG,2020-10-24,2022-04-08,183.0,176.0,5.368925393566051,Deorbited
46770,STARLINK-1932,2020-074AH,2020-10-24,2025-03-26,160.0,151.0,5.368925393566051,Deorbited
46771,STARLINK-1935,2020-074AJ,2020-10-24,2021-08-24,159.0,144.0,5.368925393566051,Deorbited
46772,STARLINK-1936,2020-074AK,2020-10-24,2025-01-30,160.0,151.0,5.368925393566051,Deorbited
46773,STARLINK-1937,2020-074AL,2020-10-24,2021-09-11,162.0,153.0,5.368925393566051,Deorbited
46774,STARLINK-1939,2020-074AM,2020-10-24,2022-04-16,176.0,163.0,5.368925393566051,Deorbited
46775,STARLINK-1945,2020-074AN,2020-10-24,2022-01-29,159.0,155.0,5.368925393566051,Deorbited
46776,STARLINK-1946,2020-074AP,2020-10-24,2023-02-05,164.0,157.0,5.368925393566051,Deorbited
46777,STARLINK-1949,2020-074AQ,2020-10-24,2021-10-02,214.0,202.0,5.368925393566051,Deorbited
46778,STARLINK-1950,2020-074AR,2020-10-24,2020-11-06,177.0,164.0,5.368925393566051,Deorbited
46779,STARLINK-1798,2020-074AS,2020-10-24,2025-03-08,141.0,138.0,5.368925393566051,Deorbited
46781,STARLINK-1834,2020-074AU,2020-10-24,2025-02-19,178.0,169.0,5.368925393566051,Deorbited
46783,STARLINK-1851,2020-074AW,2020-10-24,2024-05-20,225.0,210.0,5.368925393566051,Deorbited
46785,STARLINK-1883,2020-074AY,2020-10-24,2025-02-22,156.0,144.0,5.368925393566051,Deorbited
46787,STARLINK-1899,2020-074BA,2020-10-24,2024-10-15,168.0,159.0,5.368925393566051,Deorbited
46788,STARLINK-1929,2020-074BB,2020-10-24,2025-01-31,164.0,132.0,5.368925393566051,Deorbited
46789,STARLINK-1930,2020-074BC,2020-10-24,2025-02-04,186.0,175.0,5.368925393566051,Deorbited
46791,STARLINK-1933,2020-074BE,2020-10-24,2025-02-12,193.0,183.0,5.368925393566051,Deorbited
46793,STARLINK-1941,2020-074BG,2020-10-24,2025-03-19,150.0,144.0,5.368925393566051,Deorbited
46795,STARLINK-1943,2020-074BJ,2020-10-24,2021-12-20,179.0,175.0,5.368925393566051,Deorbited
46797,STARLINK-1947,2020-074BL,2020-10-24,2022-04-30,195.0,181.0,5.368925393566051,Deorbited
46798,STARLINK-1948,2020-074BM,2020-10-24,2025-02-09,162.0,145.0,5.368925393566051,Deorbited
47123,STARLINK-1779,2020-088B,2020-11-25,2021-08-26,188.0,174.0,5.281314168377824,Deorbited
47124,STARLINK-1785,2020-088C,2020-11-25,2025-02-08,171.0,163.0,5.281314168377824,Deorbited
47125,STARLINK-1787,2020-088D,2020-11-25,2021-09-13,174.0,161.0,5.281314168377824,Deorbited
47127,STARLINK-1836,2020-088F,2020-11-25,2021-10-03,174.0,167.0,5.281314168377824,Deorbited
47128,STARLINK-1837,2020-088G,2020-11-25,2024-12-28,164.0,163.0,5.281314168377824,Deorbited
47129,STARLINK-1838,2020-088H,2020-11-25,2025-05-08,153.0,147.0,5.281314168377824,Deorbited
47130,STARLINK-1839,2020-088J,2020-11-25,2023-05-03,160.0,151.0,5.281314168377824,Deorbited
47131,STARLINK-1840,2020-088K,2020-11-25,2022-01-29,201.0,192.0,5.281314168377824,Deorbited
47132,STARLINK-1842,2020-088L,2020-11-25,2021-07-05,178.0,161.0,5.281314168377824,Deorbited
47134,STARLINK-1844,2020-088N,2020-11-25,2024-12-18,220.0,207.0,5.281314168377824,Deorbited
47136,STARLINK-1846,2020-088Q,2020-11-25,2025-02-22,177.0,167.0,5.281314168377824,Deorbited
47137,STARLINK-1849,2020-088R,2020-11-25,2025-06-04,198.0,189.0,5.281314168377824,Deorbited
47138,STARLINK-1850,2020-088S,2020-11-25,2025-03-19,160.0,155.0,5.281314168377824,Deorbited
47139,STARLINK-1852,2020-088T,2020-11-25,2025-02-12,171.0,164.0,5.281314168377824,Deorbited
47140,STARLINK-1853,2020-088U,2020-11-25,2022-01-28,189.0,185.0,5.281314168377824,Deorbited
47141,STARLINK-1854,2020-088V,2020-11-25,2025-02-09,164.0,156.0,5.281314168377824,Deorbited
47142,STARLINK-1855,2020-088W,2020-11-25,2021-09-11,205.0,187.0,5.281314168377824,Deorbited
47144,STARLINK-1857,2020-088Y,2020-11-25,2025-02-22,162.0,158.0,5.281314168377824,Deorbited
47145,STARLINK-1858,2020-088Z,2020-11-25,2022-08-09,188.0,177.0,5.281314168377824,Deorbited
47146,STARLINK-1859,2020-088AA,2020-11-25,2022-04-03,144.0,143.0,5.281314168377824,Deorbited
47147,STARLINK-1860,2020-088AB,2020-11-25,2025-07-01,184.0,170.0,5.281314168377824,Deorbited
47148,STARLINK-1861,2020-088AC,2020-11-25,2025-07-25,157.0,150.0,5.281314168377824,Deorbited
47149,STARLINK-1862,2020-088AD,2020-11-25,2025-06-14,172.0,162.0,5.281314168377824,Deorbited
47150,STARLINK-1863,2020-088AE,2020-11-25,2025-11-01,172.0,164.0,5.281314168377824,Deorbited
47151,STARLINK-1864,2020-088AF,2020-11-25,2025-02-10,160.0,152.0,5.281314168377824,Deorbited
47152,STARLINK-1866,2020-088AG,2020-11-25,2025-07-21,158.0,149.0,5.281314168377824,Deorbited
47153,STARLINK-1867,2020-088AH,2020-11-25,2025-04-01,158.0,143.0,5.281314168377824,Deorbited
47154,STARLINK-1868,2020-088AJ,2020-11-25,2023-10-01,164.0,152.0,5.281314168377824,Deorbited
47155,STARLINK-1869,2020-088AK,2020-11-25,2025-03-11,191.0,189.0,5.281314168377824,Deorbited
47156,STARLINK-1870,2020-088AL,2020-11-25,2022-04-24,190.0,177.0,5.281314168377824,Deorbited
47159,STARLINK-1874,2020-088AP,2020-11-25,2022-06-28,151.0,130.0,5.281314168377824,Deorbited
47160,STARLINK-1875,2020-088AQ,2020-11-25,2021-11-29,174.0,166.0,5.281314168377824,Deorbited
47162,STARLINK-1877,2020-088AS,2020-11-25,2025-06-21,152.0,138.0,5.281314168377824,Deorbited
47163,STARLINK-1878,2020-088AT,2020-11-25,2025-01-23,164.0,157.0,5.281314168377824,Deorbited
47164,STARLINK-1879,2020-088AU,2020-11-25,2025-04-05,174.0,162.0,5.281314168377824,Deorbited
47165,STARLINK-1880,2020-088AV,2020-11-25,2025-02-06,162.0,152.0,5.281314168377824,Deorbited
47166,STARLINK-1881,2020-088AW,2020-11-25,2023-02-28,191.0,185.0,5.281314168377824,Deorbited
47167,STARLINK-1884,2020-088AX,2020-11-25,2025-01-14,158.0,155.0,5.281314168377824,Deorbited
47168,STARLINK-1885,2020-088AY,2020-11-25,2022-08-14,145.0,141.0,5.281314168377824,Deorbited
47169,STARLINK-1886,2020-088AZ,2020-11-25,2021-10-22,152.0,144.0,5.281314168377824,Deorbited
47170,STARLINK-1887,2020-088BA,2020-11-25,2025-01-28,155.0,149.0,5.281314168377824,Deorbited
47172,STARLINK-1889,2020-088BC,2020-11-25,2022-04-09,207.0,199.0,5.281314168377824,Deorbited
47173,STARLINK-1890,2020-088BD,2020-11-25,2025-06-30,155.0,145.0,5.281314168377824,Deorbited
47174,STARLINK-1891,2020-088BE,2020-11-25,2025-01-09,149.0,146.0,5.281314168377824,Deorbited
47175,STARLINK-1895,2020-088BF,2020-11-25,2025-02-12,162.0,154.0,5.281314168377824,Deorbited
47176,STARLINK-1900,2020-088BG,2020-11-25,2021-04-17,158.0,144.0,5.281314168377824,Deorbited
47177,STARLINK-1907,2020-088BH,2020-11-25,2025-03-05,156.0,143.0,5.281314168377824,Deorbited
47180,STARLINK-1914,2020-088BL,2020-11-25,2021-10-30,194.0,183.0,5.281314168377824,Deorbited
47181,STARLINK-1927,2020-088BM,2020-11-25,2024-07-18,180.0,161.0,5.281314168377824,Deorbited
47349,STARLINK-1952,2021-005A,2021-01-20,2022-09-17,158.0,149.0,5.127994524298426,Deorbited
47350,STARLINK-2011,2021-005B,2021-01-20,2024-05-20,186.0,183.0,5.127994524298426,Deorbited
47359,STARLINK-2069,2021-005L,2021-01-20,2025-12-27,224.0,216.0,5.127994524298426,Deorbited
47360,STARLINK-2070,2021-005M,2021-01-20,2024-08-13,307.0,298.0,5.127994524298426,Deorbited
47363,STARLINK-2077,2021-005Q,2021-01-20,2025-01-10,192.0,183.0,5.127994524298426,Deorbited
47364,STARLINK-2079,2021-005R,2021-01-20,2021-12-14,164.0,157.0,5.127994524298426,Deorbited
47365,STARLINK-2080,2021-005S,2021-01-20,2022-07-22,197.0,187.0,5.127994524298426,Deorbited
47369,STARLINK-2085,2021-005W,2021-01-20,2024-07-26,169.0,154.0,5.127994524298426,Deorbited
47370,STARLINK-2086,2021-005X,2021-01-20,2026-01-15,159.0,152.0,5.127994524298426,Deorbited
47372,STARLINK-2089,2021-005Z,2021-01-20,2025-01-02,219.0,213.0,5.127994524298426,Deorbited
47387,STARLINK-2108,2021-005AQ,2021-01-20,2024-09-26,177.0,171.0,5.127994524298426,Deorbited
47394,STARLINK-2115,2021-005AX,2021-01-20,2024-12-31,190.0,181.0,5.127994524298426,Deorbited
47395,STARLINK-2117,2021-005AY,2021-01-20,2026-01-29,151.0,146.0,5.127994524298426,Deorbited
47396,STARLINK-2118,2021-005AZ,2021-01-20,2024-07-11,187.0,180.0,5.127994524298426,Deorbited
47398,STARLINK-2120,2021-005BB,2021-01-20,2024-12-09,164.0,157.0,5.127994524298426,Deorbited
47402,STARLINK-2124,2021-005BF,2021-01-20,2025-01-13,156.0,152.0,5.127994524298426,Deorbited
47403,STARLINK-2127,2021-005BG,2021-01-20,2025-03-15,177.0,170.0,5.127994524298426,Deorbited
47406,STARLINK-2133,2021-005BK,2021-01-20,2026-01-30,181.0,172.0,5.127994524298426,Deorbited
47413,STARLINK-2199,2021-006A,2021-01-24,2021-12-17,178.0,147.0,5.117043121149897,Deorbited
47414,STARLINK-2200,2021-006B,2021-01-24,2022-01-23,152.0,140.0,5.117043121149897,Deorbited
47415,STARLINK-2201,2021-006C,2021-01-24,2022-01-24,163.0,154.0,5.117043121149897,Deorbited
47416,STARLINK-2202,2021-006D,2021-01-24,2022-01-24,153.0,142.0,5.117043121149897,Deorbited
47417,STARLINK-2203,2021-006E,2021-01-24,2021-12-17,200.0,192.0,5.117043121149897,Deorbited
47418,STARLINK-2204,2021-006F,2021-01-24,2021-12-26,142.0,130.0,5.117043121149897,Deorbited
47419,STARLINK-2205,2021-006G,2021-01-24,2021-12-30,171.0,162.0,5.117043121149897,Deorbited
47420,STARLINK-2206,2021-006H,2021-01-24,2021-12-27,140.0,128.0,5.117043121149897,Deorbited
47421,STARLINK-2207,2021-006J,2021-01-24,2021-12-30,165.0,156.0,5.117043121149897,Deorbited
47422,STARLINK-2208,2021-006K,2021-01-24,2022-01-23,179.0,168.0,5.117043121149897,Deorbited
47548,STARLINK-1782,2021-009A,2021-02-04,2025-02-05,173.0,166.0,5.086926762491444,Deorbited
47549,STARLINK-1806,2021-009B,2021-02-04,2025-05-20,171.0,159.0,5.086926762491444,Deorbited
47550,STARLINK-1909,2021-009C,2021-02-04,2025-04-05,156.0,152.0,5.086926762491444,Deorbited
47551,STARLINK-1938,2021-009D,2021-02-04,2025-01-28,160.0,152.0,5.086926762491444,Deorbited
47552,STARLINK-1940,2021-009E,2021-02-04,2025-07-30,158.0,155.0,5.086926762491444,Deorbited
47553,STARLINK-1951,2021-009F,2021-02-04,2022-04-22,160.0,157.0,5.086926762491444,Deorbited
47554,STARLINK-1953,2021-009G,2021-02-04,2025-03-10,170.0,160.0,5.086926762491444,Deorbited
47557,STARLINK-1956,2021-009K,2021-02-04,2025-01-31,208.0,200.0,5.086926762491444,Deorbited
47558,STARLINK-1957,2021-009L,2021-02-04,2025-06-10,164.0,159.0,5.086926762491444,Deorbited
47560,STARLINK-1959,2021-009N,2021-02-04,2025-07-06,157.0,144.0,5.086926762491444,Deorbited
47561,STARLINK-1960,2021-009P,2021-02-04,2025-05-16,159.0,146.0,5.086926762491444,Deorbited
47562,STARLINK-1961,2021-009Q,2021-02-04,2025-02-12,167.0,159.0,5.086926762491444,Deorbited
47564,STARLINK-1963,2021-009S,2021-02-04,2025-05-31,152.0,144.0,5.086926762491444,Deorbited
47567,STARLINK-1966,2021-009V,2021-02-04,2025-08-24,162.0,151.0,5.086926762491444,Deorbited
47569,STARLINK-1968,2021-009X,2021-02-04,2022-12-10,210.0,201.0,5.086926762491444,Deorbited
47570,STARLINK-1969,2021-009Y,2021-02-04,2024-09-18,192.0,189.0,5.086926762491444,Deorbited
47571,STARLINK-1970,2021-009Z,2021-02-04,2025-04-25,193.0,179.0,5.086926762491444,Deorbited
47574,STARLINK-1976,2021-009AC,2021-02-04,2025-04-29,194.0,181.0,5.086926762491444,Deorbited
47575,STARLINK-1977,2021-009AD,2021-02-04,2025-02-25,155.0,145.0,5.086926762491444,Deorbited
47576,STARLINK-1978,2021-009AE,2021-02-04,2026-02-12,152.0,148.0,5.086926762491444,Deorbited
47577,STARLINK-1979,2021-009AF,2021-02-04,2026-02-02,155.0,148.0,5.086926762491444,Deorbited
47578,STARLINK-1980,2021-009AG,2021-02-04,2025-03-14,153.0,148.0,5.086926762491444,Deorbited
47579,STARLINK-1981,2021-009AH,2021-02-04,2025-02-02,158.0,142.0,5.086926762491444,Deorbited
47580,STARLINK-1982,2021-009AJ,2021-02-04,2025-06-28,156.0,140.0,5.086926762491444,Deorbited
47581,STARLINK-1984,2021-009AK,2021-02-04,2024-11-10,192.0,184.0,5.086926762491444,Deorbited
47582,STARLINK-1986,2021-009AL,2021-02-04,2026-02-13,163.0,161.0,5.086926762491444,Deorbited
47583,STARLINK-1987,2021-009AM,2021-02-04,2025-02-02,158.0,154.0,5.086926762491444,Deorbited
47584,STARLINK-1988,2021-009AN,2021-02-04,2022-01-29,158.0,152.0,5.086926762491444,Deorbited
47585,STARLINK-1989,2021-009AP,2021-02-04,2025-03-31,189.0,188.0,5.086926762491444,Deorbited
47586,STARLINK-1990,2021-009AQ,2021-02-04,2025-03-07,184.0,173.0,5.086926762491444,Deorbited
47591,STARLINK-1996,2021-009AV,2021-02-04,2025-01-26,181.0,172.0,5.086926762491444,Deorbited
47593,STARLINK-1998,2021-009AX,2021-02-04,2025-01-21,223.0,212.0,5.086926762491444,Deorbited
47594,STARLINK-1999,2021-009AY,2021-02-04,2024-12-17,180.0,172.0,5.086926762491444,Deorbited
47595,STARLINK-2000,2021-009AZ,2021-02-04,2025-02-15,159.0,152.0,5.086926762491444,Deorbited
47597,STARLINK-2002,2021-009BB,2021-02-04,2025-03-29,156.0,151.0,5.086926762491444,Deorbited
47598,STARLINK-2003,2021-009BC,2021-02-04,2025-03-22,153.0,147.0,5.086926762491444,Deorbited
47599,STARLINK-2004,2021-009BD,2021-02-04,2024-08-28,221.0,211.0,5.086926762491444,Deorbited
47600,STARLINK-2005,2021-009BE,2021-02-04,2025-03-15,141.0,136.0,5.086926762491444,Deorbited
47601,STARLINK-2006,2021-009BF,2021-02-04,2025-02-22,168.0,160.0,5.086926762491444,Deorbited
47602,STARLINK-2007,2021-009BG,2021-02-04,2025-04-27,172.0,158.0,5.086926762491444,Deorbited
47603,STARLINK-2008,2021-009BH,2021-02-04,2025-03-02,165.0,156.0,5.086926762491444,Deorbited
47605,STARLINK-2023,2021-009BK,2021-02-04,2022-06-27,191.0,187.0,5.086926762491444,Deorbited
47606,STARLINK-2024,2021-009BL,2021-02-04,2026-02-24,143.0,138.0,5.086926762491444,Deorbited
47607,STARLINK-2025,2021-009BM,2021-02-04,2025-03-25,153.0,150.0,5.086926762491444,Deorbited
47620,STARLINK-1528,2021-012A,2021-02-16,2025-01-05,140.0,136.0,5.054072553045859,Deorbited
47626,STARLINK-1761,2021-012G,2021-02-16,2025-07-06,156.0,137.0,5.054072553045859,Deorbited
47629,STARLINK-1974,2021-012K,2021-02-16,2025-05-22,162.0,156.0,5.054072553045859,Deorbited
47631,STARLINK-1985,2021-012M,2021-02-16,2022-03-07,250.0,237.0,5.054072553045859,Deorbited
47633,STARLINK-2009,2021-012P,2021-02-16,2025-04-07,149.0,143.0,5.054072553045859,Deorbited
47634,STARLINK-2010,2021-012Q,2021-02-16,2025-06-15,160.0,157.0,5.054072553045859,Deorbited
47635,STARLINK-2012,2021-012R,2021-02-16,2025-01-27,161.0,157.0,5.054072553045859,Deorbited
47636,STARLINK-2013,2021-012S,2021-02-16,2025-03-23,156.0,148.0,5.054072553045859,Deorbited
47637,STARLINK-2014,2021-012T,2021-02-16,2025-02-10,142.0,135.0,5.054072553045859,Deorbited
47639,STARLINK-2016,2021-012V,2021-02-16,2025-01-23,153.0,149.0,5.054072553045859,Deorbited
47640,STARLINK-2018,2021-012W,2021-02-16,2025-02-10,150.0,146.0,5.054072553045859,Deorbited
47642,STARLINK-2020,2021-012Y,2021-02-16,2025-01-03,174.0,166.0,5.054072553045859,Deorbited
47644,STARLINK-2026,2021-012AA,2021-02-16,2024-10-04,161.0,156.0,5.054072553045859,Deorbited
47645,STARLINK-2027,2021-012AB,2021-02-16,2025-01-18,153.0,137.0,5.054072553045859,Deorbited
47646,STARLINK-2028,2021-012AC,2021-02-16,2025-01-13,138.0,133.0,5.054072553045859,Deorbited
47647,STARLINK-2030,2021-012AD,2021-02-16,2025-07-04,159.0,143.0,5.054072553045859,Deorbited
47651,STARLINK-2035,2021-012AH,2021-02-16,2025-03-30,152.0,149.0,5.054072553045859,Deorbited
47653,STARLINK-2037,2021-012AK,2021-02-16,2025-01-21,152.0,147.0,5.054072553045859,Deorbited
47654,STARLINK-2038,2021-012AL,2021-02-16,2025-07-30,154.0,147.0,5.054072553045859,Deorbited
47658,STARLINK-2042,2021-012AQ,2021-02-16,2025-02-13,151.0,145.0,5.054072553045859,Deorbited
47659,STARLINK-2043,2021-012AR,2021-02-16,2025-08-05,163.0,151.0,5.054072553045859,Deorbited
47660,STARLINK-2044,2021-012AS,2021-02-16,2025-03-12,153.0,147.0,5.054072553045859,Deorbited
47661,STARLINK-2051,2021-012AT,2021-02-16,2025-02-01,151.0,144.0,5.054072553045859,Deorbited
47662,STARLINK-2052,2021-012AU,2021-02-16,2026-02-19,158.0,154.0,5.054072553045859,Deorbited
47663,STARLINK-2053,2021-012AV,2021-02-16,2025-05-27,151.0,143.0,5.054072553045859,Deorbited
47664,STARLINK-2054,2021-012AW,2021-02-16,2025-02-01,165.0,162.0,5.054072553045859,Deorbited
47665,STARLINK-2056,2021-012AX,2021-02-16,2025-03-04,164.0,158.0,5.054072553045859,Deorbited
47666,STARLINK-2057,2021-012AY,2021-02-16,2024-12-24,163.0,158.0,5.054072553045859,Deorbited
47668,STARLINK-2059,2021-012BA,2021-02-16,2025-04-23,153.0,140.0,5.054072553045859,Deorbited
47669,STARLINK-2060,2021-012BB,2021-02-16,2023-07-14,170.0,128.0,5.054072553045859,Deorbited
47670,STARLINK-2062,2021-012BC,2021-02-16,2025-03-25,155.0,148.0,5.054072553045859,Deorbited
47671,STARLINK-2064,2021-012BD,2021-02-16,2025-01-21,157.0,153.0,5.054072553045859,Deorbited
47673,STARLINK-2066,2021-012BF,2021-02-16,2025-02-13,163.0,157.0,5.054072553045859,Deorbited
47674,STARLINK-2067,2021-012BG,2021-02-16,2025-01-17,136.0,125.0,5.054072553045859,Deorbited
47675,STARLINK-2078,2021-012BH,2021-02-16,2025-03-18,164.0,160.0,5.054072553045859,Deorbited
47677,STARLINK-2090,2021-012BK,2021-02-16,2025-02-15,159.0,151.0,5.054072553045859,Deorbited
47678,STARLINK-2091,2021-012BL,2021-02-16,2021-10-31,182.0,173.0,5.054072553045859,Deorbited
47725,STARLINK-2125,2021-017D,2021-03-04,2025-01-15,169.0,163.0,5.0102669404517455,Deorbited
47726,STARLINK-2126,2021-017E,2021-03-04,2024-12-31,153.0,148.0,5.0102669404517455,Deorbited
47727,STARLINK-2129,2021-017F,2021-03-04,2025-02-03,155.0,151.0,5.0102669404517455,Deorbited
47729,STARLINK-2132,2021-017H,2021-03-04,2024-09-20,181.0,171.0,5.0102669404517455,Deorbited
47732,STARLINK-2142,2021-017L,2021-03-04,2025-09-07,182.0,176.0,5.0102669404517455,Deorbited
47735,STARLINK-2146,2021-017P,2021-03-04,2025-07-26,168.0,155.0,5.0102669404517455,Deorbited
47737,STARLINK-2148,2021-017R,2021-03-04,2024-07-27,184.0,168.0,5.0102669404517455,Deorbited
47738,STARLINK-2149,2021-017S,2021-03-04,2024-04-13,290.0,279.0,5.0102669404517455,Deorbited
47740,STARLINK-2152,2021-017U,2021-03-04,2025-01-04,185.0,182.0,5.0102669404517455,Deorbited
47741,STARLINK-2154,2021-017V,2021-03-04,2024-05-15,179.0,166.0,5.0102669404517455,Deorbited
47743,STARLINK-2157,2021-017X,2021-03-04,2025-01-12,161.0,157.0,5.0102669404517455,Deorbited
47744,STARLINK-2158,2021-017Y,2021-03-04,2024-07-04,184.0,168.0,5.0102669404517455,Deorbited
47751,STARLINK-2168,2021-017AF,2021-03-04,2024-08-04,273.0,272.0,5.0102669404517455,Deorbited
47755,STARLINK-2172,2021-017AK,2021-03-04,2022-04-30,207.0,186.0,5.0102669404517455,Deorbited
47756,STARLINK-2174,2021-017AL,2021-03-04,2025-02-11,164.0,157.0,5.0102669404517455,Deorbited
47757,STARLINK-2175,2021-017AM,2021-03-04,2025-02-19,162.0,160.0,5.0102669404517455,Deorbited
47758,STARLINK-2176,2021-017AN,2021-03-04,2022-04-23,157.0,149.0,5.0102669404517455,Deorbited
47759,STARLINK-2177,2021-017AP,2021-03-04,2022-03-13,167.0,159.0,5.0102669404517455,Deorbited
47761,STARLINK-2179,2021-017AR,2021-03-04,2025-01-20,153.0,145.0,5.0102669404517455,Deorbited
47763,STARLINK-2181,2021-017AT,2021-03-04,2025-01-07,160.0,158.0,5.0102669404517455,Deorbited
47764,STARLINK-2182,2021-017AU,2021-03-04,2025-02-01,160.0,149.0,5.0102669404517455,Deorbited
47765,STARLINK-2183,2021-017AV,2021-03-04,2022-04-30,212.0,198.0,5.0102669404517455,Deorbited
47766,STARLINK-2184,2021-017AW,2021-03-04,2025-07-23,172.0,159.0,5.0102669404517455,Deorbited
47768,STARLINK-2189,2021-017AY,2021-03-04,2024-12-30,154.0,152.0,5.0102669404517455,Deorbited
47769,STARLINK-2192,2021-017AZ,2021-03-04,2025-01-18,156.0,149.0,5.0102669404517455,Deorbited
47774,STARLINK-2197,2021-017BE,2021-03-04,2025-02-12,143.0,135.0,5.0102669404517455,Deorbited
47775,STARLINK-2198,2021-017BF,2021-03-04,2025-01-20,160.0,153.0,5.0102669404517455,Deorbited
47777,STARLINK-2210,2021-017BH,2021-03-04,2025-07-10,157.0,147.0,5.0102669404517455,Deorbited
47779,STARLINK-2212,2021-017BK,2021-03-04,2023-09-25,153.0,149.0,5.0102669404517455,Deorbited
47781,STARLINK-2223,2021-017BM,2021-03-04,2025-02-05,187.0,180.0,5.0102669404517455,Deorbited
45098,STARLINK-1184,2020-006BG,2020-01-29,,540.0,532.0,6.105407255304586,Overdue
45368,STARLINK-1276,2020-019J,2020-03-18,,548.0,546.0,5.971252566735113,Overdue
45668,STARLINK-1451,2020-035M,2020-06-04,,538.0,535.0,5.757700205338809,Overdue
46027,STARLINK-1522,2020-055A,2020-08-07,,540.0,538.0,5.582477754962355,Overdue
46070,STARLINK-1536,2020-055AV,2020-08-07,,548.0,546.0,5.582477754962355,Overdue
46073,STARLINK-1542,2020-055AY,2020-08-07,,548.0,546.0,5.582477754962355,Overdue
46074,STARLINK-1549,2020-055AZ,2020-08-07,,548.0,546.0,5.582477754962355,Overdue
46075,STARLINK-1551,2020-055BA,2020-08-07,,548.0,546.0,5.582477754962355,Overdue
46076,STARLINK-1552,2020-055BB,2020-08-07,,548.0,546.0,5.582477754962355,Overdue
46079,STARLINK-1566,2020-055BE,2020-08-07,,549.0,546.0,5.582477754962355,Overdue
46082,STARLINK-1578,2020-055BH,2020-08-07,,548.0,546.0,5.582477754962355,Overdue
46083,STARLINK-1579,2020-055BJ,2020-08-07,,548.0,546.0,5.582477754962355,Overdue
47356,STARLINK-2049,2021-005H,2021-01-20,,548.0,546.0,5.127994524298426,Overdue
47358,STARLINK-2055,2021-005K,2021-01-20,,548.0,546.0,5.127994524298426,Overdue
47361,STARLINK-2071,2021-005N,2021-01-20,,548.0,546.0,5.127994524298426,Overdue
47362,STARLINK-2076,2021-005P,2021-01-20,,534.0,532.0,5.127994524298426,Overdue
47366,STARLINK-2081,2021-005T,2021-01-20,,538.0,536.0,5.127994524298426,Overdue
47367,STARLINK-2082,2021-005U,2021-01-20,,541.0,538.0,5.127994524298426,Overdue
47368,STARLINK-2084,2021-005V,2021-01-20,,536.0,534.0,5.127994524298426,Overdue
47371,STARLINK-2088,2021-005Y,2021-01-20,,548.0,546.0,5.127994524298426,Overdue
47373,STARLINK-2092,2021-005AA,2021-01-20,,537.0,534.0,5.127994524298426,Overdue
47375,STARLINK-2094,2021-005AC,2021-01-20,,545.0,543.0,5.127994524298426,Overdue
47376,STARLINK-2096,2021-005AD,2021-01-20,,535.0,533.0,5.127994524298426,Overdue
47377,STARLINK-2097,2021-005AE,2021-01-20,,548.0,546.0,5.127994524298426,Overdue
47380,STARLINK-2100,2021-005AH,2021-01-20,,536.0,533.0,5.127994524298426,Overdue
47384,STARLINK-2104,2021-005AM,2021-01-20,,548.0,546.0,5.127994524298426,Overdue
47385,STARLINK-2105,2021-005AN,2021-01-20,,548.0,546.0,5.127994524298426,Overdue
47386,STARLINK-2106,2021-005AP,2021-01-20,,548.0,546.0,5.127994524298426,Overdue
47388,STARLINK-2109,2021-005AR,2021-01-20,,548.0,546.0,5.127994524298426,Overdue
47390,STARLINK-2111,2021-005AT,2021-01-20,,548.0,546.0,5.127994524298426,Overdue
47391,STARLINK-2112,2021-005AU,2021-01-20,,548.0,546.0,5.127994524298426,Overdue
47397,STARLINK-2119,2021-005BA,2021-01-20,,533.0,531.0,5.127994524298426,Overdue
47401,STARLINK-2123,2021-005BE,2021-01-20,,548.0,546.0,5.127994524298426,Overdue
47407,STARLINK-2134,2021-005BL,2021-01-20,,548.0,546.0,5.127994524298426,Overdue
47408,STARLINK-2135,2021-005BM,2021-01-20,,548.0,546.0,5.127994524298426,Overdue
47728,STARLINK-2131,2021-017G,2021-03-04,,548.0,546.0,5.0102669404517455,Overdue
47736,STARLINK-2147,2021-017Q,2021-03-04,,548.0,546.0,5.0102669404517455,Overdue
45693,STARLINK-1417,2020-035AN,2020-06-04,,530.0,527.0,5.757700205338809,Overdue - Attempting Decay
47357,STARLINK-2050,2021-005J,2021-01-20,,532.0,530.0,5.127994524298426,Overdue - Attempting Decay
47405,STARLINK-2130,2021-005BJ,2021-01-20,,531.0,529.0,5.127994524298426,Overdue - Attempting Decay
44714,STARLINK-1008,2019-074B,2019-11-11,,474.0,472.0,6.321697467488022,Starting decay
44718,STARLINK-1012,2019-074F,2019-11-11,,476.0,474.0,6.321697467488022,Starting decay
44723,STARLINK-1017,2019-074L,2019-11-11,,494.0,493.0,6.321697467488022,Starting decay
44724,STARLINK-1019,2019-074M,2019-11-11,,328.0,327.0,6.321697467488022,Starting decay
44725,STARLINK-1020,2019-074N,2019-11-11,,476.0,474.0,6.321697467488022,Starting decay
44741,STARLINK-1036,2019-074AE,2019-11-11,,402.0,398.0,6.321697467488022,Starting decay
44744,STARLINK-1039,2019-074AH,2019-11-11,,504.0,499.0,6.321697467488022,Starting decay
44747,STARLINK-1042,2019-074AL,2019-11-11,,419.0,416.0,6.321697467488022,Starting decay
44748,STARLINK-1043,2019-074AM,2019-11-11,,408.0,405.0,6.321697467488022,Starting decay
44751,STARLINK-1046,2019-074AQ,2019-11-11,,439.0,432.0,6.321697467488022,Starting decay
44752,STARLINK-1047,2019-074AR,2019-11-11,,470.0,467.0,6.321697467488022,Starting decay
44753,STARLINK-1048,2019-074AS,2019-11-11,,408.0,407.0,6.321697467488022,Starting decay
44768,STARLINK-1063,2019-074BH,2019-11-11,,477.0,476.0,6.321697467488022,Starting decay
44771,STARLINK-1067,2019-074BL,2019-11-11,,397.0,393.0,6.321697467488022,Starting decay
44772,STARLINK-1068,2019-074BM,2019-11-11,,379.0,375.0,6.321697467488022,Starting decay
44927,STARLINK-1114,2020-001P,2020-01-07,,422.0,411.0,6.165639972621492,Starting decay
44930,STARLINK-1123,2020-001S,2020-01-07,,482.0,480.0,6.165639972621492,Starting decay
44941,STARLINK-1094,2020-001AD,2020-01-07,,476.0,474.0,6.165639972621492,Starting decay
44949,STARLINK-1122,2020-001AM,2020-01-07,,476.0,474.0,6.165639972621492,Starting decay
44961,STARLINK-1080,2020-001AZ,2020-01-07,,431.0,421.0,6.165639972621492,Starting decay
44968,STARLINK-1090,2020-001BG,2020-01-07,,513.0,511.0,6.165639972621492,Starting decay
45044,STARLINK-1132,2020-006A,2020-01-29,,439.0,433.0,6.105407255304586,Starting decay
45047,STARLINK-1131,2020-006D,2020-01-29,,476.0,474.0,6.105407255304586,Starting decay
45048,STARLINK-1134,2020-006E,2020-01-29,,442.0,430.0,6.105407255304586,Starting decay
45054,STARLINK-1156,2020-006L,2020-01-29,,476.0,474.0,6.105407255304586,Starting decay
45057,STARLINK-1159,2020-006P,2020-01-29,,328.0,324.0,6.105407255304586,Starting decay
45060,STARLINK-1166,2020-006S,2020-01-29,,435.0,428.0,6.105407255304586,Starting decay
45061,STARLINK-1169,2020-006T,2020-01-29,,476.0,474.0,6.105407255304586,Starting decay
45062,STARLINK-1171,2020-006U,2020-01-29,,383.0,381.0,6.105407255304586,Starting decay
45064,STARLINK-1133,2020-006W,2020-01-29,,476.0,474.0,6.105407255304586,Starting decay
45071,STARLINK-1167,2020-006AD,2020-01-29,,479.0,477.0,6.105407255304586,Starting decay
45072,STARLINK-1168,2020-006AE,2020-01-29,,479.0,477.0,6.105407255304586,Starting decay
45074,STARLINK-1172,2020-006AG,2020-01-29,,476.0,474.0,6.105407255304586,Starting decay
45080,STARLINK-1153,2020-006AN,2020-01-29,,478.0,477.0,6.105407255304586,Starting decay
45081,STARLINK-1151,2020-006AP,2020-01-29,,373.0,372.0,6.105407255304586,Starting decay
45087,STARLINK-1185,2020-006AV,2020-01-29,,476.0,474.0,6.105407255304586,Starting decay
45088,STARLINK-1183,2020-006AW,2020-01-29,,476.0,475.0,6.105407255304586,Starting decay
45096,STARLINK-1152,2020-006BE,2020-01-29,,454.0,448.0,6.105407255304586,Starting decay
45100,STARLINK-1193,2020-006BJ,2020-01-29,,402.0,400.0,6.105407255304586,Starting decay
45179,STARLINK-1143,2020-012B,2020-02-17,,386.0,375.0,6.053388090349076,Starting decay
45183,STARLINK-1202,2020-012F,2020-02-17,,476.0,474.0,6.053388090349076,Starting decay
45185,STARLINK-1216,2020-012H,2020-02-17,,476.0,474.0,6.053388090349076,Starting decay
45187,STARLINK-1225,2020-012K,2020-02-17,,476.0,474.0,6.053388090349076,Starting decay
45189,STARLINK-1230,2020-012M,2020-02-17,,476.0,474.0,6.053388090349076,Starting decay
45190,STARLINK-1234,2020-012N,2020-02-17,,385.0,380.0,6.053388090349076,Starting decay
45197,STARLINK-1269,2020-012V,2020-02-17,,476.0,474.0,6.053388090349076,Starting decay
45198,STARLINK-1154,2020-012W,2020-02-17,,434.0,424.0,6.053388090349076,Starting decay
45201,STARLINK-1199,2020-012Z,2020-02-17,,479.0,477.0,6.053388090349076,Starting decay
45206,STARLINK-1209,2020-012AE,2020-02-17,,419.0,411.0,6.053388090349076,Starting decay
45212,STARLINK-1231,2020-012AL,2020-02-17,,506.0,500.0,6.053388090349076,Starting decay
45217,STARLINK-1271,2020-012AR,2020-02-17,,476.0,474.0,6.053388090349076,Starting decay
45222,STARLINK-1191,2020-012AW,2020-02-17,,476.0,474.0,6.053388090349076,Starting decay
45223,STARLINK-1212,2020-012AX,2020-02-17,,415.0,407.0,6.053388090349076,Starting decay
45225,STARLINK-1215,2020-012AZ,2020-02-17,,476.0,474.0,6.053388090349076,Starting decay
45227,STARLINK-1221,2020-012BB,2020-02-17,,443.0,438.0,6.053388090349076,Starting decay
45228,STARLINK-1222,2020-012BC,2020-02-17,,421.0,416.0,6.053388090349076,Starting decay
45229,STARLINK-1226,2020-012BD,2020-02-17,,476.0,474.0,6.053388090349076,Starting decay
45230,STARLINK-1227,2020-012BE,2020-02-17,,473.0,472.0,6.053388090349076,Starting decay
45235,STARLINK-1246,2020-012BK,2020-02-17,,476.0,474.0,6.053388090349076,Starting decay
45237,STARLINK-1270,2020-012BM,2020-02-17,,429.0,423.0,6.053388090349076,Starting decay
45360,STARLINK-1279,2020-019A,2020-03-18,,397.0,396.0,5.971252566735113,Starting decay
45361,STARLINK-1301,2020-019B,2020-03-18,,375.0,373.0,5.971252566735113,Starting decay
45366,STARLINK-1262,2020-019G,2020-03-18,,484.0,482.0,5.971252566735113,Starting decay
45367,STARLINK-1273,2020-019H,2020-03-18,,436.0,433.0,5.971252566735113,Starting decay
45369,STARLINK-1277,2020-019K,2020-03-18,,423.0,418.0,5.971252566735113,Starting decay
45370,STARLINK-1281,2020-019L,2020-03-18,,479.0,477.0,5.971252566735113,Starting decay
45374,STARLINK-1300,2020-019Q,2020-03-18,,479.0,477.0,5.971252566735113,Starting decay
45375,STARLINK-1302,2020-019R,2020-03-18,,408.0,404.0,5.971252566735113,Starting decay
45376,STARLINK-1304,2020-019S,2020-03-18,,424.0,421.0,5.971252566735113,Starting decay
45377,STARLINK-1305,2020-019T,2020-03-18,,411.0,407.0,5.971252566735113,Starting decay
45379,STARLINK-1319,2020-019V,2020-03-18,,374.0,372.0,5.971252566735113,Starting decay
45383,STARLINK-1266,2020-019Z,2020-03-18,,433.0,428.0,5.971252566735113,Starting decay
45384,STARLINK-1267,2020-019AA,2020-03-18,,420.0,416.0,5.971252566735113,Starting decay
45386,STARLINK-1272,2020-019AC,2020-03-18,,400.0,398.0,5.971252566735113,Starting decay
45387,STARLINK-1274,2020-019AD,2020-03-18,,429.0,424.0,5.971252566735113,Starting decay
45388,STARLINK-1280,2020-019AE,2020-03-18,,373.0,371.0,5.971252566735113,Starting decay
45389,STARLINK-1283,2020-019AF,2020-03-18,,401.0,396.0,5.971252566735113,Starting decay
45390,STARLINK-1284,2020-019AG,2020-03-18,,415.0,410.0,5.971252566735113,Starting decay
45395,STARLINK-1297,2020-019AM,2020-03-18,,408.0,402.0,5.971252566735113,Starting decay
45397,STARLINK-1307,2020-019AP,2020-03-18,,418.0,416.0,5.971252566735113,Starting decay
45399,STARLINK-1255,2020-019AR,2020-03-18,,413.0,411.0,5.971252566735113,Starting decay
45404,STARLINK-1260,2020-019AW,2020-03-18,,476.0,474.0,5.971252566735113,Starting decay
45405,STARLINK-1263,2020-019AX,2020-03-18,,476.0,474.0,5.971252566735113,Starting decay
45406,STARLINK-1265,2020-019AY,2020-03-18,,476.0,474.0,5.971252566735113,Starting decay
45408,STARLINK-1278,2020-019BA,2020-03-18,,401.0,399.0,5.971252566735113,Starting decay
45412,STARLINK-1296,2020-019BE,2020-03-18,,476.0,474.0,5.971252566735113,Starting decay
45414,STARLINK-1309,2020-019BG,2020-03-18,,407.0,400.0,5.971252566735113,Starting decay
45415,STARLINK-1316,2020-019BH,2020-03-18,,476.0,474.0,5.971252566735113,Starting decay
45417,STARLINK-1286,2020-019BK,2020-03-18,,416.0,412.0,5.971252566735113,Starting decay
45419,STARLINK-1308,2020-019BM,2020-03-18,,417.0,414.0,5.971252566735113,Starting decay
45531,STARLINK-1329,2020-025A,2020-04-22,,403.0,397.0,5.87542778918549,Starting decay
45532,STARLINK-1338,2020-025B,2020-04-22,,407.0,400.0,5.87542778918549,Starting decay
45535,STARLINK-1350,2020-025E,2020-04-22,,459.0,456.0,5.87542778918549,Starting decay
45538,STARLINK-1362,2020-025H,2020-04-22,,476.0,474.0,5.87542778918549,Starting decay
45540,STARLINK-1368,2020-025K,2020-04-22,,476.0,474.0,5.87542778918549,Starting decay
45542,STARLINK-1371,2020-025M,2020-04-22,,427.0,425.0,5.87542778918549,Starting decay
45543,STARLINK-1372,2020-025N,2020-04-22,,476.0,474.0,5.87542778918549,Starting decay
45544,STARLINK-1373,2020-025P,2020-04-22,,419.0,412.0,5.87542778918549,Starting decay
45555,STARLINK-1327,2020-025AA,2020-04-22,,410.0,401.0,5.87542778918549,Starting decay
45564,STARLINK-1356,2020-025AK,2020-04-22,,437.0,429.0,5.87542778918549,Starting decay
45565,STARLINK-1357,2020-025AL,2020-04-22,,404.0,399.0,5.87542778918549,Starting decay
45567,STARLINK-1361,2020-025AN,2020-04-22,,429.0,419.0,5.87542778918549,Starting decay
45568,STARLINK-1363,2020-025AP,2020-04-22,,346.0,335.0,5.87542778918549,Starting decay
45569,STARLINK-1366,2020-025AQ,2020-04-22,,349.0,337.0,5.87542778918549,Starting decay
45570,STARLINK-1376,2020-025AR,2020-04-22,,479.0,477.0,5.87542778918549,Starting decay
45572,STARLINK-1320,2020-025AT,2020-04-22,,368.0,358.0,5.87542778918549,Starting decay
45573,STARLINK-1321,2020-025AU,2020-04-22,,426.0,419.0,5.87542778918549,Starting decay
45578,STARLINK-1331,2020-025AZ,2020-04-22,,426.0,419.0,5.87542778918549,Starting decay
45580,STARLINK-1333,2020-025BB,2020-04-22,,476.0,474.0,5.87542778918549,Starting decay
45581,STARLINK-1335,2020-025BC,2020-04-22,,479.0,477.0,5.87542778918549,Starting decay
45582,STARLINK-1337,2020-025BD,2020-04-22,,397.0,390.0,5.87542778918549,Starting decay
45586,STARLINK-1347,2020-025BH,2020-04-22,,410.0,402.0,5.87542778918549,Starting decay
45589,STARLINK-1364,2020-025BL,2020-04-22,,424.0,414.0,5.87542778918549,Starting decay
45590,STARLINK-1365,2020-025BM,2020-04-22,,434.0,429.0,5.87542778918549,Starting decay
45660,STARLINK-1443,2020-035D,2020-06-04,,492.0,488.0,5.757700205338809,Starting decay
45663,STARLINK-1446,2020-035G,2020-06-04,,438.0,438.0,5.757700205338809,Starting decay
45665,STARLINK-1448,2020-035J,2020-06-04,,416.0,405.0,5.757700205338809,Starting decay
45669,STARLINK-1452,2020-035N,2020-06-04,,438.0,427.0,5.757700205338809,Starting decay
45670,STARLINK-1453,2020-035P,2020-06-04,,415.0,406.0,5.757700205338809,Starting decay
45671,STARLINK-1454,2020-035Q,2020-06-04,,420.0,409.0,5.757700205338809,Starting decay
45673,STARLINK-1456,2020-035S,2020-06-04,,418.0,416.0,5.757700205338809,Starting decay
45674,STARLINK-1457,2020-035T,2020-06-04,,342.0,329.0,5.757700205338809,Starting decay
45675,STARLINK-1458,2020-035U,2020-06-04,,442.0,433.0,5.757700205338809,Starting decay
45676,STARLINK-1460,2020-035V,2020-06-04,,479.0,477.0,5.757700205338809,Starting decay
45677,STARLINK-1392,2020-035W,2020-06-04,,478.0,477.0,5.757700205338809,Starting decay
45679,STARLINK-1394,2020-035Y,2020-06-04,,420.0,416.0,5.757700205338809,Starting decay
45685,STARLINK-1402,2020-035AE,2020-06-04,,433.0,432.0,5.757700205338809,Starting decay
45686,STARLINK-1404,2020-035AF,2020-06-04,,476.0,474.0,5.757700205338809,Starting decay
45689,STARLINK-1413,2020-035AJ,2020-06-04,,476.0,474.0,5.757700205338809,Starting decay
45695,STARLINK-1420,2020-035AQ,2020-06-04,,410.0,404.0,5.757700205338809,Starting decay
45696,STARLINK-1422,2020-035AR,2020-06-04,,476.0,474.0,5.757700205338809,Starting decay
45697,STARLINK-1351,2020-035AS,2020-06-04,,413.0,408.0,5.757700205338809,Starting decay
45700,STARLINK-1400,2020-035AV,2020-06-04,,421.0,411.0,5.757700205338809,Starting decay
45701,STARLINK-1403,2020-035AW,2020-06-04,,516.0,515.0,5.757700205338809,Starting decay
45703,STARLINK-1407,2020-035AY,2020-06-04,,396.0,382.0,5.757700205338809,Starting decay
45706,STARLINK-1411,2020-035BB,2020-06-04,,386.0,379.0,5.757700205338809,Starting decay
45710,STARLINK-1423,2020-035BF,2020-06-04,,415.0,404.0,5.757700205338809,Starting decay
45711,STARLINK-1433,2020-035BG,2020-06-04,,409.0,398.0,5.757700205338809,Starting decay
45712,STARLINK-1434,2020-035BH,2020-06-04,,490.0,482.0,5.757700205338809,Starting decay
45731,STARLINK-1465,2020-038B,2020-06-13,,419.0,416.0,5.73305954825462,Starting decay
45735,STARLINK-1471,2020-038F,2020-06-13,,421.0,420.0,5.73305954825462,Starting decay
45741,STARLINK-1480,2020-038M,2020-06-13,,429.0,419.0,5.73305954825462,Starting decay
45744,STARLINK-1500,2020-038Q,2020-06-13,,463.0,460.0,5.73305954825462,Starting decay
45746,STARLINK-1504,2020-038S,2020-06-13,,408.0,407.0,5.73305954825462,Starting decay
45747,STARLINK-1506,2020-038T,2020-06-13,,489.0,486.0,5.73305954825462,Starting decay
45751,STARLINK-1464,2020-038X,2020-06-13,,436.0,433.0,5.73305954825462,Starting decay
45754,STARLINK-1477,2020-038AA,2020-06-13,,524.0,523.0,5.73305954825462,Starting decay
45755,STARLINK-1478,2020-038AB,2020-06-13,,405.0,400.0,5.73305954825462,Starting decay
45759,STARLINK-1493,2020-038AF,2020-06-13,,418.0,416.0,5.73305954825462,Starting decay
45760,STARLINK-1494,2020-038AG,2020-06-13,,352.0,345.0,5.73305954825462,Starting decay
45764,STARLINK-1502,2020-038AL,2020-06-13,,428.0,425.0,5.73305954825462,Starting decay
45772,STARLINK-1470,2020-038AU,2020-06-13,,483.0,481.0,5.73305954825462,Starting decay
45773,STARLINK-1482,2020-038AV,2020-06-13,,476.0,474.0,5.73305954825462,Starting decay
45780,STARLINK-1496,2020-038BC,2020-06-13,,425.0,421.0,5.73305954825462,Starting decay
45786,STARLINK-1513,2020-038BJ,2020-06-13,,476.0,474.0,5.73305954825462,Starting decay
46028,STARLINK-1523,2020-055B,2020-08-07,,517.0,515.0,5.582477754962355,Starting decay
46029,STARLINK-1526,2020-055C,2020-08-07,,514.0,513.0,5.582477754962355,Starting decay
46032,STARLINK-1555,2020-055F,2020-08-07,,518.0,516.0,5.582477754962355,Starting decay
46033,STARLINK-1556,2020-055G,2020-08-07,,515.0,513.0,5.582477754962355,Starting decay
46034,STARLINK-1557,2020-055H,2020-08-07,,513.0,510.0,5.582477754962355,Starting decay
46035,STARLINK-1558,2020-055J,2020-08-07,,517.0,516.0,5.582477754962355,Starting decay
46036,STARLINK-1560,2020-055K,2020-08-07,,514.0,512.0,5.582477754962355,Starting decay
46038,STARLINK-1567,2020-055M,2020-08-07,,521.0,519.0,5.582477754962355,Starting decay
46039,STARLINK-1569,2020-055N,2020-08-07,,518.0,516.0,5.582477754962355,Starting decay
46043,STARLINK-1582,2020-055S,2020-08-07,,520.0,518.0,5.582477754962355,Starting decay
46045,STARLINK-1591,2020-055U,2020-08-07,,516.0,514.0,5.582477754962355,Starting decay
46047,STARLINK-1524,2020-055W,2020-08-07,,479.0,477.0,5.582477754962355,Starting decay
46048,STARLINK-1527,2020-055X,2020-08-07,,476.0,475.0,5.582477754962355,Starting decay
46051,STARLINK-1540,2020-055AA,2020-08-07,,476.0,475.0,5.582477754962355,Starting decay
46052,STARLINK-1541,2020-055AB,2020-08-07,,476.0,474.0,5.582477754962355,Starting decay
46053,STARLINK-1543,2020-055AC,2020-08-07,,476.0,475.0,5.582477754962355,Starting decay
46054,STARLINK-1548,2020-055AD,2020-08-07,,476.0,474.0,5.582477754962355,Starting decay
46055,STARLINK-1554,2020-055AE,2020-08-07,,476.0,474.0,5.582477754962355,Starting decay
46058,STARLINK-1564,2020-055AH,2020-08-07,,476.0,475.0,5.582477754962355,Starting decay
46059,STARLINK-1570,2020-055AJ,2020-08-07,,476.0,474.0,5.582477754962355,Starting decay
46060,STARLINK-1572,2020-055AK,2020-08-07,,479.0,477.0,5.582477754962355,Starting decay
46061,STARLINK-1573,2020-055AL,2020-08-07,,476.0,474.0,5.582477754962355,Starting decay
46063,STARLINK-1577,2020-055AN,2020-08-07,,476.0,474.0,5.582477754962355,Starting decay
46064,STARLINK-1583,2020-055AP,2020-08-07,,478.0,475.0,5.582477754962355,Starting decay
46066,STARLINK-1525,2020-055AR,2020-08-07,,526.0,524.0,5.582477754962355,Starting decay
46077,STARLINK-1559,2020-055BC,2020-08-07,,481.0,475.0,5.582477754962355,Starting decay
46080,STARLINK-1568,2020-055BF,2020-08-07,,432.0,423.0,5.582477754962355,Starting decay
46117,STARLINK-1585,2020-057A,2020-08-18,,323.0,321.0,5.552361396303901,Starting decay
46119,STARLINK-1593,2020-057C,2020-08-18,,349.0,345.0,5.552361396303901,Starting decay
46127,STARLINK-1621,2020-057L,2020-08-18,,343.0,336.0,5.552361396303901,Starting decay
46128,STARLINK-1622,2020-057M,2020-08-18,,380.0,373.0,5.552361396303901,Starting decay
46129,STARLINK-1623,2020-057N,2020-08-18,,416.0,405.0,5.552361396303901,Starting decay
46130,STARLINK-1624,2020-057P,2020-08-18,,368.0,363.0,5.552361396303901,Starting decay
46131,STARLINK-1625,2020-057Q,2020-08-18,,324.0,317.0,5.552361396303901,Starting decay
46141,STARLINK-1596,2020-057AA,2020-08-18,,437.0,431.0,5.552361396303901,Starting decay
46142,STARLINK-1597,2020-057AB,2020-08-18,,405.0,394.0,5.552361396303901,Starting decay
46144,STARLINK-1606,2020-057AD,2020-08-18,,377.0,375.0,5.552361396303901,Starting decay
46146,STARLINK-1608,2020-057AF,2020-08-18,,476.0,474.0,5.552361396303901,Starting decay
46155,STARLINK-1667,2020-057AQ,2020-08-18,,379.0,372.0,5.552361396303901,Starting decay
46156,STARLINK-1545,2020-057AR,2020-08-18,,385.0,383.0,5.552361396303901,Starting decay
46159,STARLINK-1595,2020-057AU,2020-08-18,,422.0,412.0,5.552361396303901,Starting decay
46160,STARLINK-1598,2020-057AV,2020-08-18,,417.0,411.0,5.552361396303901,Starting decay
46164,STARLINK-1612,2020-057AZ,2020-08-18,,332.0,327.0,5.552361396303901,Starting decay
46167,STARLINK-1626,2020-057BC,2020-08-18,,410.0,400.0,5.552361396303901,Starting decay
46168,STARLINK-1627,2020-057BD,2020-08-18,,357.0,353.0,5.552361396303901,Starting decay
46171,STARLINK-1633,2020-057BG,2020-08-18,,393.0,390.0,5.552361396303901,Starting decay
46172,STARLINK-1635,2020-057BH,2020-08-18,,389.0,386.0,5.552361396303901,Starting decay
46173,STARLINK-1640,2020-057BJ,2020-08-18,,413.0,401.0,5.552361396303901,Starting decay
46174,STARLINK-1641,2020-057BK,2020-08-18,,417.0,416.0,5.552361396303901,Starting decay
46326,STARLINK-1654,2020-062B,2020-09-03,,366.0,361.0,5.508555783709788,Starting decay
46328,STARLINK-1686,2020-062D,2020-09-03,,363.0,356.0,5.508555783709788,Starting decay
46329,STARLINK-1695,2020-062E,2020-09-03,,410.0,402.0,5.508555783709788,Starting decay
46331,STARLINK-1719,2020-062G,2020-09-03,,397.0,392.0,5.508555783709788,Starting decay
46335,STARLINK-1727,2020-062L,2020-09-03,,366.0,361.0,5.508555783709788,Starting decay
46340,STARLINK-1759,2020-062R,2020-09-03,,394.0,389.0,5.508555783709788,Starting decay
46342,STARLINK-1762,2020-062T,2020-09-03,,476.0,474.0,5.508555783709788,Starting decay
46343,STARLINK-1764,2020-062U,2020-09-03,,369.0,369.0,5.508555783709788,Starting decay
46344,STARLINK-1765,2020-062V,2020-09-03,,313.0,306.0,5.508555783709788,Starting decay
46347,STARLINK-1547,2020-062Y,2020-09-03,,381.0,373.0,5.508555783709788,Starting decay
46348,STARLINK-1553,2020-062Z,2020-09-03,,460.0,453.0,5.508555783709788,Starting decay
46349,STARLINK-1575,2020-062AA,2020-09-03,,328.0,317.0,5.508555783709788,Starting decay
46351,STARLINK-1646,2020-062AC,2020-09-03,,406.0,398.0,5.508555783709788,Starting decay
46352,STARLINK-1653,2020-062AD,2020-09-03,,395.0,387.0,5.508555783709788,Starting decay
46353,STARLINK-1656,2020-062AE,2020-09-03,,413.0,410.0,5.508555783709788,Starting decay
46354,STARLINK-1657,2020-062AF,2020-09-03,,325.0,320.0,5.508555783709788,Starting decay
46355,STARLINK-1661,2020-062AG,2020-09-03,,476.0,474.0,5.508555783709788,Starting decay
46356,STARLINK-1665,2020-062AH,2020-09-03,,379.0,377.0,5.508555783709788,Starting decay
46357,STARLINK-1666,2020-062AJ,2020-09-03,,399.0,390.0,5.508555783709788,Starting decay
46359,STARLINK-1707,2020-062AL,2020-09-03,,378.0,371.0,5.508555783709788,Starting decay
46375,STARLINK-1724,2020-062BC,2020-09-03,,409.0,409.0,5.508555783709788,Starting decay
46376,STARLINK-1742,2020-062BD,2020-09-03,,332.0,320.0,5.508555783709788,Starting decay
46383,STARLINK-1770,2020-062BL,2020-09-03,,377.0,374.0,5.508555783709788,Starting decay
46384,STARLINK-1771,2020-062BM,2020-09-03,,429.0,426.0,5.508555783709788,Starting decay
46535,STARLINK-1663,2020-070D,2020-10-06,,374.0,372.0,5.418206707734429,Starting decay
46537,STARLINK-1672,2020-070F,2020-10-06,,413.0,408.0,5.418206707734429,Starting decay
46538,STARLINK-1678,2020-070G,2020-10-06,,378.0,377.0,5.418206707734429,Starting decay
46553,STARLINK-1664,2020-070X,2020-10-06,,452.0,450.0,5.418206707734429,Starting decay
46556,STARLINK-1676,2020-070AA,2020-10-06,,414.0,412.0,5.418206707734429,Starting decay
46557,STARLINK-1679,2020-070AB,2020-10-06,,397.0,392.0,5.418206707734429,Starting decay
46558,STARLINK-1680,2020-070AC,2020-10-06,,347.0,337.0,5.418206707734429,Starting decay
46559,STARLINK-1681,2020-070AD,2020-10-06,,345.0,332.0,5.418206707734429,Starting decay
46562,STARLINK-1714,2020-070AG,2020-10-06,,417.0,414.0,5.418206707734429,Starting decay
46563,STARLINK-1730,2020-070AH,2020-10-06,,437.0,434.0,5.418206707734429,Starting decay
46564,STARLINK-1733,2020-070AJ,2020-10-06,,350.0,347.0,5.418206707734429,Starting decay
46565,STARLINK-1735,2020-070AK,2020-10-06,,386.0,381.0,5.418206707734429,Starting decay
46567,STARLINK-1741,2020-070AM,2020-10-06,,381.0,378.0,5.418206707734429,Starting decay
46572,STARLINK-1531,2020-070AS,2020-10-06,,384.0,374.0,5.418206707734429,Starting decay
46576,STARLINK-1677,2020-070AW,2020-10-06,,373.0,370.0,5.418206707734429,Starting decay
46578,STARLINK-1683,2020-070AY,2020-10-06,,335.0,325.0,5.418206707734429,Starting decay
46582,STARLINK-1728,2020-070BC,2020-10-06,,411.0,408.0,5.418206707734429,Starting decay
46585,STARLINK-1736,2020-070BF,2020-10-06,,370.0,368.0,5.418206707734429,Starting decay
46588,STARLINK-1746,2020-070BJ,2020-10-06,,354.0,351.0,5.418206707734429,Starting decay
46672,STARLINK-1716,2020-073C,2020-10-18,,380.0,372.0,5.385352498288843,Starting decay
46674,STARLINK-1718,2020-073E,2020-10-18,,404.0,400.0,5.385352498288843,Starting decay
46681,STARLINK-1775,2020-073M,2020-10-18,,340.0,338.0,5.385352498288843,Starting decay
46685,STARLINK-1781,2020-073R,2020-10-18,,403.0,401.0,5.385352498288843,Starting decay
46687,STARLINK-1784,2020-073T,2020-10-18,,386.0,381.0,5.385352498288843,Starting decay
46689,STARLINK-1788,2020-073V,2020-10-18,,382.0,381.0,5.385352498288843,Starting decay
46691,STARLINK-1790,2020-073X,2020-10-18,,353.0,349.0,5.385352498288843,Starting decay
46696,STARLINK-1795,2020-073AC,2020-10-18,,370.0,367.0,5.385352498288843,Starting decay
46698,STARLINK-1797,2020-073AE,2020-10-18,,407.0,402.0,5.385352498288843,Starting decay
46699,STARLINK-1799,2020-073AF,2020-10-18,,346.0,338.0,5.385352498288843,Starting decay
46700,STARLINK-1800,2020-073AG,2020-10-18,,336.0,330.0,5.385352498288843,Starting decay
46701,STARLINK-1801,2020-073AH,2020-10-18,,360.0,351.0,5.385352498288843,Starting decay
46702,STARLINK-1802,2020-073AJ,2020-10-18,,476.0,474.0,5.385352498288843,Starting decay
46705,STARLINK-1805,2020-073AM,2020-10-18,,414.0,410.0,5.385352498288843,Starting decay
46706,STARLINK-1807,2020-073AN,2020-10-18,,499.0,492.0,5.385352498288843,Starting decay
46709,STARLINK-1810,2020-073AR,2020-10-18,,430.0,424.0,5.385352498288843,Starting decay
46713,STARLINK-1815,2020-073AV,2020-10-18,,366.0,362.0,5.385352498288843,Starting decay
46714,STARLINK-1816,2020-073AW,2020-10-18,,351.0,348.0,5.385352498288843,Starting decay
46715,STARLINK-1817,2020-073AX,2020-10-18,,387.0,381.0,5.385352498288843,Starting decay
46717,STARLINK-1820,2020-073AZ,2020-10-18,,314.0,307.0,5.385352498288843,Starting decay
46718,STARLINK-1821,2020-073BA,2020-10-18,,456.0,450.0,5.385352498288843,Starting decay
46723,STARLINK-1826,2020-073BF,2020-10-18,,393.0,385.0,5.385352498288843,Starting decay
46725,STARLINK-1828,2020-073BH,2020-10-18,,408.0,406.0,5.385352498288843,Starting decay
46727,STARLINK-1830,2020-073BK,2020-10-18,,404.0,402.0,5.385352498288843,Starting decay
46743,STARLINK-1892,2020-074E,2020-10-24,,420.0,413.0,5.368925393566051,Starting decay
46744,STARLINK-1894,2020-074F,2020-10-24,,331.0,329.0,5.368925393566051,Starting decay
46746,STARLINK-1905,2020-074H,2020-10-24,,380.0,379.0,5.368925393566051,Starting decay
46749,STARLINK-1911,2020-074L,2020-10-24,,356.0,354.0,5.368925393566051,Starting decay
46753,STARLINK-1922,2020-074Q,2020-10-24,,378.0,376.0,5.368925393566051,Starting decay
46758,STARLINK-1928,2020-074V,2020-10-24,,371.0,367.0,5.368925393566051,Starting decay
46780,STARLINK-1832,2020-074AT,2020-10-24,,345.0,339.0,5.368925393566051,Starting decay
46782,STARLINK-1835,2020-074AV,2020-10-24,,397.0,390.0,5.368925393566051,Starting decay
46784,STARLINK-1882,2020-074AX,2020-10-24,,388.0,378.0,5.368925393566051,Starting decay
46786,STARLINK-1893,2020-074AZ,2020-10-24,,423.0,420.0,5.368925393566051,Starting decay
46790,STARLINK-1931,2020-074BD,2020-10-24,,375.0,373.0,5.368925393566051,Starting decay
46792,STARLINK-1934,2020-074BF,2020-10-24,,337.0,334.0,5.368925393566051,Starting decay
46794,STARLINK-1942,2020-074BH,2020-10-24,,428.0,424.0,5.368925393566051,Starting decay
46796,STARLINK-1944,2020-074BK,2020-10-24,,375.0,373.0,5.368925393566051,Starting decay
47122,STARLINK-1777,2020-088A,2020-11-25,,414.0,412.0,5.281314168377824,Starting decay
47126,STARLINK-1812,2020-088E,2020-11-25,,523.0,519.0,5.281314168377824,Starting decay
47133,STARLINK-1843,2020-088M,2020-11-25,,316.0,312.0,5.281314168377824,Starting decay
47135,STARLINK-1845,2020-088P,2020-11-25,,406.0,404.0,5.281314168377824,Starting decay
47143,STARLINK-1856,2020-088X,2020-11-25,,425.0,415.0,5.281314168377824,Starting decay
47157,STARLINK-1871,2020-088AM,2020-11-25,,476.0,474.0,5.281314168377824,Starting decay
47158,STARLINK-1873,2020-088AN,2020-11-25,,403.0,391.0,5.281314168377824,Starting decay
47161,STARLINK-1876,2020-088AR,2020-11-25,,379.0,378.0,5.281314168377824,Starting decay
47171,STARLINK-1888,2020-088BB,2020-11-25,,426.0,419.0,5.281314168377824,Starting decay
47178,STARLINK-1912,2020-088BJ,2020-11-25,,406.0,395.0,5.281314168377824,Starting decay
47179,STARLINK-1913,2020-088BK,2020-11-25,,476.0,474.0,5.281314168377824,Starting decay
47351,STARLINK-2017,2021-005C,2021-01-20,,476.0,474.0,5.127994524298426,Starting decay
47352,STARLINK-2034,2021-005D,2021-01-20,,476.0,474.0,5.127994524298426,Starting decay
47353,STARLINK-2045,2021-005E,2021-01-20,,476.0,474.0,5.127994524298426,Starting decay
47354,STARLINK-2046,2021-005F,2021-01-20,,476.0,474.0,5.127994524298426,Starting decay
47355,STARLINK-2047,2021-005G,2021-01-20,,500.0,499.0,5.127994524298426,Starting decay
47374,STARLINK-2093,2021-005AB,2021-01-20,,376.0,371.0,5.127994524298426,Starting decay
47378,STARLINK-2098,2021-005AF,2021-01-20,,476.0,474.0,5.127994524298426,Starting decay
47379,STARLINK-2099,2021-005AG,2021-01-20,,476.0,474.0,5.127994524298426,Starting decay
47381,STARLINK-2101,2021-005AJ,2021-01-20,,525.0,522.0,5.127994524298426,Starting decay
47382,STARLINK-2102,2021-005AK,2021-01-20,,476.0,474.0,5.127994524298426,Starting decay
47383,STARLINK-2103,2021-005AL,2021-01-20,,474.0,472.0,5.127994524298426,Starting decay
47389,STARLINK-2110,2021-005AS,2021-01-20,,476.0,474.0,5.127994524298426,Starting decay
47392,STARLINK-2113,2021-005AV,2021-01-20,,397.0,391.0,5.127994524298426,Starting decay
47393,STARLINK-2114,2021-005AW,2021-01-20,,373.0,371.0,5.127994524298426,Starting decay
47399,STARLINK-2121,2021-005BC,2021-01-20,,476.0,474.0,5.127994524298426,Starting decay
47400,STARLINK-2122,2021-005BD,2021-01-20,,476.0,474.0,5.127994524298426,Starting decay
47404,STARLINK-2128,2021-005BH,2021-01-20,,391.0,385.0,5.127994524298426,Starting decay
47555,STARLINK-1954,2021-009H,2021-02-04,,477.0,471.0,5.086926762491444,Starting decay
47559,STARLINK-1958,2021-009M,2021-02-04,,371.0,364.0,5.086926762491444,Starting decay
47563,STARLINK-1962,2021-009R,2021-02-04,,389.0,377.0,5.086926762491444,Starting decay
47565,STARLINK-1964,2021-009T,2021-02-04,,371.0,365.0,5.086926762491444,Starting decay
47566,STARLINK-1965,2021-009U,2021-02-04,,332.0,320.0,5.086926762491444,Starting decay
47568,STARLINK-1967,2021-009W,2021-02-04,,386.0,379.0,5.086926762491444,Starting decay
47572,STARLINK-1971,2021-009AA,2021-02-04,,309.0,308.0,5.086926762491444,Starting decay
47573,STARLINK-1975,2021-009AB,2021-02-04,,342.0,335.0,5.086926762491444,Starting decay
47587,STARLINK-1991,2021-009AR,2021-02-04,,372.0,366.0,5.086926762491444,Starting decay
47588,STARLINK-1993,2021-009AS,2021-02-04,,365.0,363.0,5.086926762491444,Starting decay
47589,STARLINK-1994,2021-009AT,2021-02-04,,404.0,391.0,5.086926762491444,Starting decay
47590,STARLINK-1995,2021-009AU,2021-02-04,,404.0,395.0,5.086926762491444,Starting decay
47592,STARLINK-1997,2021-009AW,2021-02-04,,378.0,367.0,5.086926762491444,Starting decay
47596,STARLINK-2001,2021-009BA,2021-02-04,,418.0,411.0,5.086926762491444,Starting decay
47604,STARLINK-2021,2021-009BJ,2021-02-04,,378.0,369.0,5.086926762491444,Starting decay
47621,STARLINK-1609,2021-012B,2021-02-16,,476.0,474.0,5.054072553045859,Starting decay
47622,STARLINK-1645,2021-012C,2021-02-16,,335.0,321.0,5.054072553045859,Starting decay
47623,STARLINK-1655,2021-012D,2021-02-16,,378.0,372.0,5.054072553045859,Starting decay
47624,STARLINK-1669,2021-012E,2021-02-16,,352.0,341.0,5.054072553045859,Starting decay
47625,STARLINK-1704,2021-012F,2021-02-16,,436.0,434.0,5.054072553045859,Starting decay
47627,STARLINK-1972,2021-012H,2021-02-16,,429.0,425.0,5.054072553045859,Starting decay
47628,STARLINK-1973,2021-012J,2021-02-16,,476.0,474.0,5.054072553045859,Starting decay
47630,STARLINK-1983,2021-012L,2021-02-16,,479.0,477.0,5.054072553045859,Starting decay
47632,STARLINK-1992,2021-012N,2021-02-16,,476.0,474.0,5.054072553045859,Starting decay
47638,STARLINK-2015,2021-012U,2021-02-16,,476.0,474.0,5.054072553045859,Starting decay
47641,STARLINK-2019,2021-012X,2021-02-16,,398.0,392.0,5.054072553045859,Starting decay
47648,STARLINK-2031,2021-012AE,2021-02-16,,478.0,476.0,5.054072553045859,Starting decay
47649,STARLINK-2032,2021-012AF,2021-02-16,,379.0,366.0,5.054072553045859,Starting decay
47650,STARLINK-2033,2021-012AG,2021-02-16,,479.0,477.0,5.054072553045859,Starting decay
47652,STARLINK-2036,2021-012AJ,2021-02-16,,445.0,443.0,5.054072553045859,Starting decay
47655,STARLINK-2039,2021-012AM,2021-02-16,,476.0,474.0,5.054072553045859,Starting decay
47656,STARLINK-2040,2021-012AN,2021-02-16,,479.0,477.0,5.054072553045859,Starting decay
47657,STARLINK-2041,2021-012AP,2021-02-16,,441.0,439.0,5.054072553045859,Starting decay
47667,STARLINK-2058,2021-012AZ,2021-02-16,,333.0,322.0,5.054072553045859,Starting decay
47672,STARLINK-2065,2021-012BE,2021-02-16,,367.0,358.0,5.054072553045859,Starting decay
47676,STARLINK-2083,2021-012BJ,2021-02-16,,408.0,397.0,5.054072553045859,Starting decay
47679,STARLINK-2095,2021-012BM,2021-02-16,,353.0,345.0,5.054072553045859,Starting decay
47722,STARLINK-2068,2021-017A,2021-03-04,,476.0,475.0,5.0102669404517455,Starting decay
47723,STARLINK-2107,2021-017B,2021-03-04,,476.0,474.0,5.0102669404517455,Starting decay
47724,STARLINK-2116,2021-017C,2021-03-04,,326.0,321.0,5.0102669404517455,Starting decay
47730,STARLINK-2140,2021-017J,2021-03-04,,522.0,521.0,5.0102669404517455,Starting decay
47731,STARLINK-2141,2021-017K,2021-03-04,,440.0,439.0,5.0102669404517455,Starting decay
47733,STARLINK-2143,2021-017M,2021-03-04,,476.0,475.0,5.0102669404517455,Starting decay
47734,STARLINK-2144,2021-017N,2021-03-04,,476.0,474.0,5.0102669404517455,Starting decay
47739,STARLINK-2150,2021-017T,2021-03-04,,476.0,475.0,5.0102669404517455,Starting decay
47742,STARLINK-2156,2021-017W,2021-03-04,,476.0,474.0,5.0102669404517455,Starting decay
47745,STARLINK-2159,2021-017Z,2021-03-04,,440.0,438.0,5.0102669404517455,Starting decay
47746,STARLINK-2160,2021-017AA,2021-03-04,,476.0,474.0,5.0102669404517455,Starting decay
47747,STARLINK-2161,2021-017AB,2021-03-04,,476.0,474.0,5.0102669404517455,Starting decay
47748,STARLINK-2162,2021-017AC,2021-03-04,,442.0,441.0,5.0102669404517455,Starting decay
47749,STARLINK-2163,2021-017AD,2021-03-04,,474.0,472.0,5.0102669404517455,Starting decay
47750,STARLINK-2164,2021-017AE,2021-03-04,,476.0,474.0,5.0102669404517455,Starting decay
47752,STARLINK-2169,2021-017AG,2021-03-04,,478.0,477.0,5.0102669404517455,Starting decay
47753,STARLINK-2170,2021-017AH,2021-03-04,,476.0,474.0,5.0102669404517455,Starting decay
47754,STARLINK-2171,2021-017AJ,2021-03-04,,359.0,356.0,5.0102669404517455,Starting decay
47760,STARLINK-2178,2021-017AQ,2021-03-04,,476.0,474.0,5.0102669404517455,Starting decay
47762,STARLINK-2180,2021-017AS,2021-03-04,,453.0,452.0,5.0102669404517455,Starting decay
47767,STARLINK-2185,2021-017AX,2021-03-04,,473.0,472.0,5.0102669404517455,Starting decay
47770,STARLINK-2193,2021-017BA,2021-03-04,,479.0,477.0,5.0102669404517455,Starting decay
47771,STARLINK-2194,2021-017BB,2021-03-04,,478.0,477.0,5.0102669404517455,Starting decay
47772,STARLINK-2195,2021-017BC,2021-03-04,,476.0,474.0,5.0102669404517455,Starting decay
47773,STARLINK-2196,2021-017BD,2021-03-04,,475.0,475.0,5.0102669404517455,Starting decay
47776,STARLINK-2209,2021-017BG,2021-03-04,,440.0,439.0,5.0102669404517455,Starting decay
47778,STARLINK-2211,2021-017BJ,2021-03-04,,463.0,460.0,5.0102669404517455,Starting decay
47780,STARLINK-2213,2021-017BL,2021-03-04,,476.0,474.0,5.0102669404517455,Starting decay
